Name,Smile,Class
Everolimus,CO[C@@H]1C[C@H](C[C@@H](C)[C@@H]2CC(=O)[C@H](C)\C=C(/C)\[C@@H](O)[C@@H](OC)C(=O)[C@H](C)C[C@H](C)\C=C\C=C\C=C(/C)\[C@H](C[C@@H]3CC[C@@H](C)[C@@](O)(O3)C(=O)C(=O)N4CCCC[C@H]4C(=O)O2)OC)CC[C@H]1OCCO,1
Posaconazole,CC[C@@H]([C@H](C)O)N1N=CN(C1=O)c2ccc(cc2)N3CCN(CC3)c4ccc(OC[C@@H]5CO[C@](Cn6cncn6)(C5)c7ccc(F)cc7F)cc4,1
Alatrofloxacin,C[C@H](N)C(=O)N[C@@H](C)C(=O)N[C@H]1[C@@H]2CN(C[C@H]12)c3nc4N(C=C(C(=O)O)C(=O)c4cc3F)c5ccc(F)cc5F,1
Aminosidine,NC[C@@H]1O[C@H](O[C@H]2[C@@H](O)[C@H](O[C@@H]3[C@@H](O)[C@H](N)C[C@H](N)[C@H]3O[C@H]4O[C@H](CO)[C@@H](O)[C@H](O)[C@H]4N)O[C@@H]2CO)[C@H](N)[C@@H](O)[C@@H]1O,1
Isepamicin,CN[C@@H]1[C@@H](O)[C@@H](O[C@@H]2[C@@H](O)[C@H](O[C@H]3O[C@H](CN)[C@@H](O)[C@H](O)[C@H]3O)[C@@H](N)C[C@H]2NC(=O)[C@@H](O)CN)OC[C@]1(C)O,1
Irinotecan,CCc1c2CN3C(=O)C4=C(C=C3c2nc5ccc(OC(=O)N6CCC(CC6)N7CCCCC7)cc15)[C@@](O)(CC)C(=O)OC4,1
Neomycin,NC[C@@H]1O[C@H](O[C@H]2[C@@H](O)[C@H](O[C@@H]3[C@@H](O)[C@H](N)C[C@H](N)[C@H]3O[C@H]4O[C@H](CN)[C@@H](O)[C@H](O)[C@H]4N)O[C@@H]2CO)[C@H](N)[C@@H](O)[C@@H]1O,1
Epirubicin,COc1cccc2C(=O)c3c(O)c4C[C@](O)(C[C@H](O[C@@H]5C[C@H](N)[C@@H](O)[C@H](C)O5)c4c(O)c3C(=O)c12)C(=O)CO,1
Bromocriptine,CC(C)C[C@@H]1N2C(=O)[C@](NC(=O)[C@H]3CN(C)[C@@H]4Cc5c(Br)[nH]c6cccc(C4=C3)c56)(O[C@@]2(O)[C@@H]7CCCN7C1=O)C(C)C,1
Tigecycline,CN(C)[C@H]1[C@@H]2C[C@@H]3Cc4c(cc(NC(=O)CNC(C)(C)C)c(O)c4C(=O)C3=C(O)[C@]2(O)C(=O)C(=C1O)C(=O)N)N(C)C,1
Daunorubicin,COc1cccc2C(=O)c3c(O)c4C[C@](O)(C[C@H](O[C@H]5C[C@H](N)[C@H](O)[C@H](C)O5)c4c(O)c3C(=O)c12)C(=O)C,1
Gentamicin,CN[C@H](C)[C@@H]1CC[C@@H](N)[C@@H](O[C@@H]2[C@@H](N)C[C@@H](N)[C@H](O[C@H]3OC[C@](C)(O)[C@H](NC)[C@H]3O)[C@H]2O)O1,1
Acarbose,C[C@H]1O[C@H](O[C@H]2[C@H](O)[C@@H](O)[C@@H](O[C@H]3[C@H](O)[C@@H](O)[C@@H](O)O[C@@H]3CO)O[C@@H]2CO)[C@H](O)[C@@H](O)[C@@H]1N[C@H]4C=C(CO)[C@@H](O)[C@H](O)[C@H]4O,1
Micronomicin,CNC[C@@H]1CC[C@@H](N)[C@@H](O[C@@H]2[C@@H](N)C[C@@H](N)[C@H](O[C@H]3OC[C@](C)(O)[C@H](NC)[C@H]3O)[C@H]2O)O1,1
Olmesartan,CCCc1nc(c(C(=O)OCC2=C(C)OC(=O)O2)n1Cc3ccc(cc3)c4ccccc4c5nnn[nH]5)C(C)(C)O,1
Terconazole,CC(C)N1CCN(CC1)c2ccc(OC[C@H]3CO[C@@](Cn4cncn4)(O3)c5ccc(Cl)cc5Cl)cc2,1
Lapatinib,CS(=O)(=O)CCNCc1oc(cc1)c2ccc3ncnc(Nc4ccc(OCc5cccc(F)c5)c(Cl)c4)c3c2,1
Deserpidine,CO[C@H]1[C@@H](C[C@@H]2CN3CCc4c([nH]c5ccccc45)[C@H]3C[C@@H]2[C@@H]1C(=O)OC)OC(=O)c6cc(OC)c(OC)c(OC)c6,1
Dihydrostreptomycin,CN[C@H]1[C@H](O)[C@@H](O)[C@H](CO)O[C@H]1O[C@H]2[C@H](O[C@@H]3[C@@H](O)[C@H](O)[C@@H](NC(=N)N)[C@H](O)[C@H]3NC(=N)N)O[C@@H](C)[C@]2(O)CO,1
Netilmicin,CCN[C@@H]1C[C@H](N)[C@@H](O[C@H]2OC(=CC[C@H]2N)CN)[C@H](O)[C@H]1O[C@H]3OC[C@](C)(O)[C@H](NC)[C@H]3O,1
Ketoconazole,CC(=O)N1CCN(CC1)c2ccc(OC[C@H]3CO[C@@](Cn4ccnc4)(O3)c5ccc(Cl)cc5Cl)cc2,1
Kanamycin,NC[C@H]1O[C@H](O[C@@H]2[C@@H](N)C[C@@H](N)[C@H](O[C@H]3O[C@H](CO)[C@@H](O)[C@H](N)[C@H]3O)[C@H]2O)[C@H](O)[C@@H](O)[C@@H]1O,1
Dibekacin,NC[C@@H]1CC[C@@H](N)[C@@H](O[C@@H]2[C@@H](N)C[C@@H](N)[C@H](O[C@H]3O[C@H](CO)[C@@H](O)[C@H](N)[C@H]3O)[C@H]2O)O1,1
Streptomycin,CN[C@H]1[C@H](O)[C@@H](O)[C@H](CO)O[C@H]1O[C@H]2[C@H](O[C@H]3[C@H](O)[C@@H](O)[C@H](NC(=N)N)[C@@H](O)[C@@H]3NC(=N)N)O[C@@H](C)[C@]2(O)C=O,1
Sisomicin,CN[C@@H]1[C@@H](O)[C@@H](O[C@H]2[C@H](N)C[C@H](N)[C@@H](O[C@H]3OC(=CC[C@H]3N)CN)[C@@H]2O)OC[C@]1(C)O,1
Tobramycin,NC[C@H]1O[C@H](O[C@@H]2[C@@H](N)C[C@@H](N)[C@H](O[C@H]3O[C@H](CO)[C@@H](O)[C@H](N)[C@H]3O)[C@H]2O)[C@H](N)C[C@@H]1O,1
Trovafloxacin,N[C@@H]1[C@H]2CN(C[C@@H]12)c3nc4N(C=C(C(=O)O)C(=O)c4cc3F)c5ccc(F)cc5F,1
Reserpine,CO[C@H]1[C@@H](C[C@@H]2CN3CCc4c([nH]c5cc(OC)ccc45)[C@H]3C[C@@H]2[C@@H]1C(=O)OC)OC(=O)c6cc(OC)c(OC)c(OC)c6,1
Moexipril,CCOC(=O)[C@H](CCc1ccccc1)N[C@@H](C)C(=O)N2Cc3cc(OC)c(OC)cc3C[C@H]2C(=O)O,1
Ertapenem,C[C@@H](O)[C@@H]1[C@H]2[C@@H](C)C(=C(N2C1=O)C(=O)O)S[C@@H]3CN[C@@H](C3)C(=O)Nc4cccc(c4)C(=O)O,1
Novobiocin,CO[C@H]1[C@@H](OC(=O)N)[C@@H](O)[C@H](Oc2ccc3C(=C(NC(=O)c4ccc(O)c(CC=C(C)C)c4)C(=O)Oc3c2C)O)OC1(C)C,1
Etoposide,COc1cc(cc(OC)c1O)[C@H]2[C@@H]3[C@H](COC3=O)[C@H](O[C@@H]4O[C@@H]5CO[C@@H](C)O[C@H]5[C@H](O)[C@H]4O)c6cc7OCOc7cc26,1
Telmisartan,CCCc1nc2c(C)cc(cc2n1Cc3ccc(cc3)c4ccccc4C(=O)O)c5nc6ccccc6n5C,1
Dichloromethotrexate,CN(Cc1cnc2nc(N)nc(N)c2n1)c3c(Cl)cc(cc3Cl)C(=O)N[C@@H](CCC(=O)O)C(=O)O,1
Indinavir,CC(C)(C)NC(=O)[C@@H]1CN(Cc2cccnc2)CCN1C[C@@H](O)C[C@@H](Cc3ccccc3)C(=O)N[C@@H]4[C@H](O)Cc5ccccc45,1
Cefpodoxime,COCC1=C(N2[C@H](SC1)[C@H](NC(=O)\C(=N/OC)\c3csc(N)n3)C2=O)C(=O)O,1
Methotrexate,CN(Cc1cnc2nc(N)nc(N)c2n1)c3ccc(cc3)C(=O)N[C@@H](CCC(=O)O)C(=O)O,1
Nilotinib,Cc1cn(cn1)c2cc(NC(=O)c3ccc(C)c(Nc4nccc(n4)c5cccnc5)c3)cc(c2)C(F)(F)F,1
Fulvestrant,C[C@]12CC[C@H]3[C@@H]([C@H](CCCCCCCCC[S@](=O)CCCC(F)(F)C(F)(F)F)Cc4cc(O)ccc34)[C@@H]1CC[C@@H]2O,1
Lercanidipine,COC(=O)C1=C(C)NC(=C([C@H]1c2cccc(c2)[N+](=O)[O-])C(=O)OC(C)(C)CN(C)CCC(c3ccccc3)c4ccccc4)C,1
Cefotaxime,CO\N=C(/C(=O)N[C@H]1[C@H]2SCC(=C(N2C1=O)C(=O)O)COC(=O)C)\c3csc(N)n3,1
Trandolapril,CCOC(=O)[C@H](CCc1ccccc1)N[C@@H](C)C(=O)N2[C@H]3CCCC[C@@H]3C[C@H]2C(=O)O,1
Candesartan,CCOc1nc2cccc(C(=O)O)c2n1Cc3ccc(cc3)c4ccccc4c5nnn[nH]5,1
Aliskiren,COCCCOc1cc(C[C@@H](C[C@H](N)[C@@H](O)C[C@@H](C(C)C)C(=O)NCC(C)(C)C(=O)N)C(C)C)ccc1OC,1
Ceftazidime,CC(C)(O\N=C(/C(=O)N[C@H]1[C@H]2SCC(=C(N2C1=O)C(=O)[O-])C[n+]3ccccc3)\c4csc(N)n4)C(=O)O,1
Atazanavir,COC(=O)N[C@H](C(=O)N[C@@H](Cc1ccccc1)[C@@H](O)CN(Cc2ccc(cc2)c3ccccn3)NC(=O)[C@@H](NC(=O)OC)C(C)(C)C)C(C)(C)C,1
Losartan,CCCCc1nc(Cl)c(CO)n1Cc2ccc(cc2)c3ccccc3c4nnn[nH]4,1
Risperidone,CC1=C(CCN2CCC(CC2)c3noc4cc(F)ccc34)C(=O)N5CCCCC5=N1,1
Quinapril,CCOC(=O)[C@H](CCc1ccccc1)N[C@@H](C)C(=O)N2Cc3ccccc3C[C@H]2C(=O)O,1
Levofloxacin,C[C@H]1COc2c(N3CCN(C)CC3)c(F)cc4C(=O)C(=CN1c24)C(=O)O,1
Ofloxacin,C[C@@H]1COc2c(N3CCN(C)CC3)c(F)cc4C(=O)C(=CN1c24)C(=O)O,1
Nelfinavir,Cc1c(O)cccc1C(=O)N[C@@H](CSc2ccccc2)[C@H](O)CN3C[C@H]4CCCC[C@H]4C[C@H]3C(=O)NC(C)(C)C,1
Ramipril,CCOC(=O)[C@H](CCc1ccccc1)N[C@@H](C)C(=O)N2[C@H]3CCC[C@H]3C[C@H]2C(=O)O,1
Lopinavir,CC(C)[C@H](N1CCCNC1=O)C(=O)N[C@H](C[C@H](O)[C@H](Cc2ccccc2)NC(=O)COc3c(C)cccc3C)Cc4ccccc4,1
Gemifloxacin,CO\N=C\1/CN(C[C@@H]1CN)c2nc3N(C=C(C(=O)O)C(=O)c3cc2F)C4CC4,1
Rabeprazole,COCCCOc1ccnc(C[S@](=O)c2nc3ccccc3[nH]2)c1C,1
Cefazolin,Cc1nnc(SCC2=C(N3[C@H](SC2)[C@H](NC(=O)Cn4cnnn4)C3=O)C(=O)O)s1,1
Topotecan,CC[C@@]1(O)C(=O)OCC2=C1C=C3N(Cc4cc5c(CN(C)C)c(O)ccc5nc34)C2=O,1
Zafirlukast,COc1cc(ccc1Cc2cn(C)c3ccc(NC(=O)OC4CCCC4)cc23)C(=O)NS(=O)(=O)c5ccccc5C,1
Minocycline,CN(C)[C@H]1[C@@H]2C[C@@H]3Cc4c(ccc(O)c4C(=O)C3=C(O)[C@]2(O)C(=O)C(=C1O)C(=O)N)N(C)C,1
Imatinib,CN1CCN(Cc2ccc(cc2)C(=O)Nc3ccc(C)c(Nc4nccc(n4)c5cccnc5)c3)CC1,1
Pemetrexed,NC1=Nc2[nH]cc(CCc3ccc(cc3)C(=O)N[C@@H](CCC(=O)O)C(=O)O)c2C(=O)N1,1
Latanoprost,CC(C)OC(=O)CCC\C=C/C[C@H]1[C@@H](O)C[C@@H](O)[C@@H]1CC[C@@H](O)CCc2ccccc2,1
Cerivastatin,COCc1c(nc(C(C)C)c(\C=C\[C@@H](O)C[C@@H](O)CC(=O)O)c1c2ccc(F)cc2)C(C)C,1
Methylergonovine,CC[C@H](CO)NC(=O)[C@H]1CN(C)[C@@H]2Cc3c[nH]c4cccc(C2=C1)c34,1
Pravastatin,CC[C@H](C)C(=O)O[C@H]1C[C@H](O)C=C2C=C[C@H](C)[C@H](CC[C@@H](O)C[C@@H](O)CC(=O)O)[C@@H]12,1
Rosuvastatin,CC(C)c1nc(nc(c2ccc(F)cc2)c1\C=C\[C@@H](O)C[C@@H](O)CC(=O)O)N(C)S(=O)(=O)C,1
Doripenem,C[C@@H](O)[C@@H]1[C@H]2[C@@H](C)C(=C(N2C1=O)C(=O)O)S[C@@H]3CN[C@H](CNS(=O)(=O)N)C3,1
Vardenafil,CCCc1nc(C)c2C(=O)N=C(Nn12)c3cc(ccc3OCC)S(=O)(=O)N4CCN(CC)CC4,1
Sildenafil,CCCc1nn(C)c2C(=O)NC(=Nc12)c3cc(ccc3OCC)S(=O)(=O)N4CCN(C)CC4,1
Doxycycline,C[C@@H]1[C@H]2[C@H](O)[C@H]3[C@H](N(C)C)C(=C(C(=O)N)C(=O)[C@@]3(O)C(=C2C(=O)c4c(O)cccc14)O)O,1
Argatroban,C[C@@H]1CCN([C@H](C1)C(=O)O)C(=O)[C@H](CCCNC(=N)N)NS(=O)(=O)c2cccc3C[C@H](C)CNc23,1
Demeclocycline,CN(C)[C@H]1[C@@H]2C[C@@H]3[C@H](O)c4c(Cl)ccc(O)c4C(=O)C3=C(O)[C@]2(O)C(=O)C(=C1O)C(=O)N,1
Gatifloxacin,COc1c(N2CCN[C@H](C)C2)c(F)cc3C(=O)C(=CN(C4CC4)c13)C(=O)O,1
Travoprost,CC(C)OC(=O)CCC\C=C/C[C@H]1[C@@H](O)C[C@@H](O)[C@@H]1\C=C\[C@@H](O)COc2cccc(c2)C(F)(F)F,1
Dexlansoprazole,Cc1c(OCC(F)(F)F)ccnc1C[S@](=O)c2nc3ccccc3[nH]2,1
Carvedilol,COc1ccccc1OCCNC[C@H](O)COc2cccc3[nH]c4ccccc4c23,1
Fosinopril,CCC(=O)O[C@H](O[P@](=O)(CCCCc1ccccc1)CC(=O)N2C[C@@H](C[C@H]2C(=O)O)C3CCCCC3)C(C)C,1
Pantoprazole,COc1ccnc(C[S@](=O)c2nc3cc(OC(F)F)ccc3[nH]2)c1OC,1
Cefuroxime,CO\N=C(/C(=O)N[C@H]1[C@H]2SCC(=C(N2C1=O)C(=O)O)COC(=O)N)\c3occc3,1
Lincomycin,CCC[C@@H]1C[C@H](N(C)C1)C(=O)N[C@H]([C@H](C)O)[C@H]2O[C@H](SC)[C@H](O)[C@@H](O)[C@H]2O,1
Eszopiclone,CN1CCN(CC1)C(=O)O[C@@H]2N(C(=O)c3nccnc23)c4ccc(Cl)cn4,1
Zopiclone,CN1CCN(CC1)C(=O)O[C@H]2N(C(=O)c3nccnc23)c4ccc(Cl)cn4,1
Simvastatin,CCC(C)(C)C(=O)O[C@H]1C[C@@H](C)C=C2C=C[C@H](C)[C@H](CC[C@@H]3C[C@@H](O)CC(=O)O3)[C@@H]12,1
Loprazolam,CN1CCN(CC1)\C=C\2/N=C3CN=C(c4ccccc4Cl)c5cc(ccc5N3C2=O)[N+](=O)[O-],1
Iopromide,COCC(=O)Nc1c(I)c(C(=O)NC[C@H](O)CO)c(I)c(C(=O)N(C)C[C@H](O)CO)c1I,1
Clindamycin,CCC[C@@H]1C[C@H](N(C)C1)C(=O)N[C@H]([C@H](C)Cl)[C@H]2O[C@H](SC)[C@H](O)[C@@H](O)[C@H]2O,1
Sertaconazole,Clc1ccc([C@@H](Cn2ccnc2)OCc3csc4c(Cl)cccc34)c(Cl)c1,1
Valsartan,CCCCC(=O)N(Cc1ccc(cc1)c2ccccc2c3nnn[nH]3)[C@@H](C(C)C)C(=O)O,1
Tetracycline,CN(C)[C@H]1[C@@H]2C[C@H]3C(=C(O)[C@]2(O)C(=O)C(=C1O)C(=O)N)C(=O)c4c(O)cccc4[C@@]3(C)O,1
Apixaban,COc1ccc(cc1)n2nc(C(=O)N)c3CCN(C(=O)c23)c4ccc(cc4)N5CCCCC5=O,1
Metacycline,CN(C)[C@H]1[C@@H]2[C@@H](O)[C@@H]3C(=C)c4cccc(O)c4C(=O)C3=C(O)[C@]2(O)C(=O)C(=C1O)C(=O)N,1
Meropenem,C[C@@H](O)[C@@H]1[C@H]2[C@@H](C)C(=C(N2C1=O)C(=O)O)S[C@@H]3CN[C@@H](C3)C(=O)N(C)C,1
Fluvastatin,CC(C)n1c(\C=C\[C@H](O)C[C@H](O)CC(=O)O)c(c2ccc(F)cc2)c3ccccc13,1
Terazosin,COc1cc2nc(nc(N)c2cc1OC)N3CCN(CC3)C(=O)[C@H]4CCCO4,1
Grepafloxacin,C[C@@H]1CN(CCN1)c2cc3N(C=C(C(=O)O)C(=O)c3c(C)c2F)C4CC4,1
Maraviroc,CC(C)c1nnc(C)n1[C@@H]2C[C@H]3CC[C@@H](C2)N3CC[C@H](NC(=O)C4CCC(F)(F)CC4)c5ccccc5,1
Lovastatin,CC[C@H](C)C(=O)[C@H]1C[C@@H](C)C=C2C=C[C@H](C)[C@H](CC[C@@H]3C[C@@H](O)CC(=O)O3)[C@@H]12,1
Alfuzosin,COc1cc2nc(nc(N)c2cc1OC)N(C)CCCNC(=O)[C@H]3CCCO3,1
Tirofiban,CCCCS(=O)(=O)N[C@@H](Cc1ccc(OCCCCC2CCNCC2)cc1)C(=O)O,1
Tipranavir,CCC[C@@]1(CCc2ccccc2)CC(=C([C@H](CC)c3cccc(NS(=O)(=O)c4ccc(cn4)C(F)(F)F)c3)C(=O)O1)O,1
Iloperidone,COc1cc(ccc1OCCCN2CCC(CC2)c3noc4cc(F)ccc34)C(=O)C,1
Etretinate,CCOC(=O)\C=C(/C)\C=C\C=C(/C)\C=C\c1c(C)cc(OC)c(C)c1C,1
Astromicin,CO[C@H]1[C@@H](O)[C@H](N)[C@@H](O[C@@H]2O[C@@H](CC[C@H]2N)[C@H](C)N)[C@H](O)[C@@H]1N(C)C(=O)CN,1
Buprenorphine,CO[C@@]12CC[C@]3(C[C@@H]1[C@](C)(O)C(C)(C)C)[C@H]4Cc5ccc(O)c6O[C@@H]2[C@]3(CCN4CC7CC7)c56,1
Esomeprazole,COc1ccc2nc([nH]c2c1)[S@](=O)Cc3ncc(C)c(OC)c3C,1
Lomefloxacin,CCN1C=C(C(=O)O)C(=O)c2cc(F)c(N3CCN[C@@H](C)C3)c(F)c12,1
Raltegravir,CN1C(=O)C(=C(N=C1C(C)(C)NC(=O)c2oc(C)nn2)C(=O)NCc3ccc(F)cc3)O,1
Conivaptan,Cc1nc2CCN(C(=O)c3ccc(NC(=O)c4ccccc4c5ccccc5)cc3)c6ccccc6c2[nH]1,1
Ceftizoxime,CO\N=C(/C(=O)N[C@H]1[C@H]2SCC=C(N2C1=O)C(=O)O)\c3csc(N)n3,1
Aprepitant,C[C@@H](O[C@H]1OCCN(CC2=NC(=O)NN2)[C@H]1c3ccc(F)cc3)c4cc(cc(c4)C(F)(F)F)C(F)(F)F,1
Enalapril,CCOC(=O)[C@H](CCc1ccccc1)N[C@@H](C)C(=O)N2CCC[C@H]2C(=O)O,1
Cilostazol,O=C1CCc2cc(OCCCCc3nnnn3C4CCCCC4)ccc2N1,1
Eletriptan,CN1CCC[C@@H]1C[C@H]2CNc3ccc(CCS(=O)(=O)c4ccccc4)cc23,1
Dasatinib,Cc1nc(Nc2ncc(s2)C(=O)Nc3c(C)cccc3Cl)cc(n1)N4CCN(CCO)CC4,1
Sultamicillin,CC1(C)S[C@@H]2[C@H](NC(=O)[C@H](N)c3ccccc3)C(=O)N2[C@H]1C(=O)OCOC(=O)[C@@H]4N5[C@@H](CC5=O)S(=O)(=O)C4(C)C,1
Acitretin,COc1cc(C)c(\C=C\C(=C\C=C\C(=C\C(=O)O)\C)\C)c(C)c1C,1
Ergonovine,C[C@@H](CO)NC(=O)[C@H]1CN(C)[C@@H]2Cc3c[nH]c4cccc(C2=C1)c34,1
Sparfloxacin,C[C@@H]1CN(C[C@H](C)N1)c2c(F)c(N)c3C(=O)C(=CN(C4CC4)c3c2F)C(=O)O,1
Loratadine,CCOC(=O)N1CCC(=C2c3ccc(Cl)cc3CCc4cccnc24)CC1,1
Bunazosin,CCCC(=O)N1CCCN(CC1)c2nc(N)c3cc(OC)c(OC)cc3n2,1
Ciprofloxacin,OC(=O)C1=CN(C2CC2)c3cc(N4CCNCC4)c(F)cc3C1=O,1
Nicardipine,COC(=O)C1=C(C)NC(=C([C@H]1c2cccc(c2)[N+](=O)[O-])C(=O)OCCN(C)Cc3ccccc3)C,1
Paricalcitol,C[C@H](\C=C\[C@H](C)C(C)(C)O)[C@H]1CC[C@H]2\C(=C\C=C3C[C@@H](O)C[C@H](O)C3)\CCC[C@]12C,1
Omeprazole,COc1c(C)cnc(C[S@](=O)c2nc3ccccc3[nH]2)c1C,1
Dinoprostone,CCCCC[C@H](O)\C=C\[C@H]1[C@H](O)CC(=O)[C@@H]1C\C=C/CCCC(=O)O,1
Glimepiride,CCC1=C(C)CN(C(=O)NCCc2ccc(cc2)S(=O)(=O)NC(=O)N[C@@H]3CC[C@@H](C)CC3)C1=O,1
Gusperimus,NCCCNCCCCNC(=O)[C@H](O)NC(=O)CCCCCCNC(=N)N,1
Perindopril,CCC[C@H](N[C@@H](C)C(=O)N1[C@H]2CCCC[C@H]2C[C@H]1C(=O)O)C(=O)OCC,1
Aripiprazole,Clc1cccc(N2CCN(CCCCOc3ccc4CCC(=O)Nc4c3)CC2)c1Cl,1
Cisapride,CO[C@@H]1CN(CCCOc2ccc(F)cc2)CC[C@@H]1NC(=O)c3cc(Cl)c(N)cc3OC,1
Sitagliptin,N[C@@H](CC(=O)N1CCn2c(C1)nnc2C(F)(F)F)Cc3cc(F)c(F)cc3F,1
Trimazosin,COc1cc2c(N)nc(nc2c(OC)c1OC)N3CCN(CC3)C(=O)OCC(C)(C)O,1
Delavirdine,CC(C)Nc1cccnc1N2CCN(CC2)C(=O)c3cc4cc(NS(=O)(=O)C)ccc4[nH]3,1
Erlotinib,COCCOc1cc2ncnc(Nc3cccc(c3)C#C)c2cc1OCCOC,1
Glisoxepide,Cc1onc(c1)C(=O)NCCc2ccc(cc2)S(=O)(=O)NC(=O)NN3CCCCCC3,1
Cefprozil,C\C=C/C1=C(N2[C@H](SC1)[C@H](NC(=O)[C@H](N)c3ccc(O)cc3)C2=O)C(=O)O,1
Pioglitazone,CCc1ccc(CCOc2ccc(C[C@@H]3SC(=O)NC3=O)cc2)nc1,1
Iohexol,CC(=O)N(C[C@H](O)CO)c1c(I)c(C(=O)NC[C@H](O)CO)c(I)c(C(=O)NC[C@H](O)CO)c1I,1
Lisinopril,NCCCC[C@H](N[C@@H](CCc1ccccc1)C(=O)O)C(=O)N2CCC[C@H]2C(=O)O,1
Alprostadil,CCCCC[C@H](O)\C=C\[C@H]1[C@H](O)CC(=O)[C@@H]1CCCCCCC(=O)O,1
Fluticasone,C[C@@H]1C[C@H]2[C@@H]3C[C@H](F)C4=CC(=O)C=C[C@]4(C)[C@@]3(F)[C@@H](O)C[C@]2(C)[C@@]1(O)C(=O)SCF,1
Enoxacin,CCN1C=C(C(=O)O)C(=O)c2cc(F)c(nc12)N3CCNCC3,1
Aztreonam,C[C@H]1[C@H](NC(=O)\C(=N/OC(C)(C)C(=O)O)\c2csc(N)n2)C(=O)N1S(=O)(=O)O,1
Cefoxitin,CO[C@]1(NC(=O)Cc2cccs2)[C@H]3SCC(=C(N3C1=O)C(=O)O)CSC(=O)N,1
Valganciclovir,CC(C)[C@H](N)C(=O)OC[C@H](CO)OCn1cnc2C(=O)NC(=Nc12)N,1
Sunitinib,CCN(CC)CCNC(=O)c1c(C)[nH]c(\C=C\2/C(=O)Nc3ccc(F)cc23)c1C,1
Miconazole,Clc1ccc(CO[C@H](Cn2ccnc2)c3ccc(Cl)cc3Cl)c(Cl)c1,1
Nefazodone,CCC1=NN(CCCN2CCN(CC2)c3cccc(Cl)c3)C(=O)N1CCOc4ccccc4,1
Eprosartan,CCCCc1ncc(\C=C(/Cc2cccs2)\C(=O)O)n1Cc3ccc(cc3)C(=O)O,1
Fluocinolone,C[C@]12C[C@H](O)[C@@]3(F)[C@@H](C[C@H](F)C4=CC(=O)C=C[C@]34C)[C@@H]1C[C@@H](O)[C@]2(O)C(=O)CO,1
Dutasteride,C[C@]12CC[C@H]3[C@@H](CC[C@H]4NC(=O)C=C[C@]34C)[C@@H]1CC[C@@H]2C(=O)Nc5cc(ccc5C(F)(F)F)C(F)(F)F,1
Rosiglitazone,CN(CCOc1ccc(C[C@@H]2SC(=O)NC2=O)cc1)c3ccccn3,1
Ioversol,OCCN(C(=O)CO)c1c(I)c(C(=O)NC[C@H](O)CO)c(I)c(C(=O)NC[C@H](O)CO)c1I,1
Orlistat,CCCCCCCCCCC[C@@H](C[C@@H]1OC(=O)[C@H]1CCCCCC)OC(=O)[C@H](CC(C)C)NC=O,1
Tadalafil,CN1CC(=O)N2[C@H](Cc3c([nH]c4ccccc34)[C@H]2c5ccc6OCOc6c5)C1=O,1
Bacampicillin,CCOC(=O)O[C@H](C)OC(=O)[C@@H]1N2[C@H](SC1(C)C)[C@H](NC(=O)[C@H](N)c3ccccc3)C2=O,1
Bosentan,COc1ccccc1Oc2c(NS(=O)(=O)c3ccc(cc3)C(C)(C)C)nc(nc2OCCO)c4ncccn4,1
Fluocinonide,CC(=O)OCC(=O)[C@@]12OC(C)(C)O[C@@H]1C[C@H]3[C@@H]4C[C@H](F)C5=CC(=O)C=C[C@]5(C)[C@@]4(F)[C@@H](O)C[C@]23C,1
Betaxolol,CC(C)NC[C@H](O)COc1ccc(CCOCC2CC2)cc1,1
Midazolam,Cc1ncc2CN=C(c3ccccc3F)c4cc(Cl)ccc4n12,1
Norfloxacin,CCN1C=C(C(=O)O)C(=O)c2cc(F)c(cc12)N3CCNCC3,1
Desloratadine,Clc1ccc2C(=C3CCNCC3)c4ncccc4CCc2c1,1
Beclomethasone,C[C@H]1C[C@H]2[C@@H]3CCC4=CC(=O)C=C[C@]4(C)[C@@]3(Cl)[C@@H](O)C[C@]2(C)[C@@]1(O)C(=O)CO,1
Cefaclor,N[C@@H](C(=O)N[C@H]1[C@H]2SCC(=C(N2C1=O)C(=O)O)Cl)c3ccccc3,1
Verapamil,COc1ccc(CCN(C)CCC[C@](C#N)(C(C)C)c2ccc(OC)c(OC)c2)cc1OC,1
Bitolterol,Cc1ccc(cc1)C(=O)Oc2ccc(cc2OC(=O)c3ccc(C)cc3)[C@@H](O)CNC(C)(C)C,1
Salmeterol,OCc1cc(ccc1O)[C@@H](O)CNCCCCCCOCCCCc2ccccc2,1
Econazole,Clc1ccc(CO[C@H](Cn2ccnc2)c3ccc(Cl)cc3Cl)cc1,1
Rizatriptan,CN(C)CCc1c[nH]c2ccc(Cn3cncn3)cc12,1
Floctafenine,OC[C@H](O)COC(=O)c1ccccc1Nc2ccnc3c(cccc23)C(F)(F)F,1
Capecitabine,CCCCCOC(=O)NC1=NC(=O)N(C=C1F)[C@@H]2O[C@H](C)[C@@H](O)[C@H]2O,1
Trazodone,Clc1cccc(c1)N2CCN(CCCN3N=C4C=CC=CN4C3=O)CC2,1
Mometasone,C[C@@H]1C[C@H]2[C@@H]3CCC4=CC(=O)C=C[C@]4(C)[C@@]3(Cl)[C@@H](O)C[C@]2(C)[C@@]1(O)C(=O)CCl,1
Raloxifene,Oc1ccc(cc1)c2sc3cc(O)ccc3c2C(=O)c4ccc(OCCN5CCCCC5)cc4,1
Alprazolam,Cc1nnc2CN=C(c3ccccc3)c4cc(Cl)ccc4n12,1
Amlodipine,CCOC(=O)C1=C(COCCN)NC(=C([C@H]1c2ccccc2Cl)C(=O)OC)C,1
Ziprasidone,Clc1cc2NC(=O)Cc2cc1CCN3CCN(CC3)c4nsc5ccccc45,1
Isoxicam,CN1C(=C(O)c2ccccc2S1(=O)=O)C(=O)Nc3cc(C)on3,1
Methysergide,CC[C@H](CO)NC(=O)[C@H]1CN(C)[C@@H]2Cc3cn(C)c4cccc(C2=C1)c34,1
Lacidipine,CCOC(=O)C1=C(C)NC(=C(C1c2ccccc2\C=C\C(=O)OC(C)(C)C)C(=O)OCC)C,1
Naltrexone,Oc1ccc2C[C@H]3N(CC4CC4)CC[C@@]56[C@@H](Oc1c25)C(=O)CC[C@@]36O,1
Celiprolol,CCN(CC)C(=O)Nc1ccc(OC[C@H](O)CNC(C)(C)C)c(c1)C(=O)C,1
Levocabastine,C[C@@H]1CN(CC[C@]1(C(=O)O)c2ccccc2)[C@@H]3CC[C@@](CC3)(C#N)c4ccc(F)cc4,1
Alosetron,Cc1[nH]cnc1CN2CCc3c(C2=O)c4ccccc4n3C,1
Nitrendipine,CCOC(=O)C1=C(C)NC(=C([C@H]1c2cccc(c2)[N+](=O)[O-])C(=O)OC)C,1
Flumazenil,CCOC(=O)c1ncn2c1CN(C)C(=O)c3cc(F)ccc23,1
Eplerenone,COC(=O)[C@@H]1CC2=CC(=O)CC[C@]2(C)[C@@]34O[C@@H]3C[C@@]5(C)[C@@H](CC[C@@]56CCC(=O)O6)[C@H]14,1
Dofetilide,CN(CCOc1ccc(NS(=O)(=O)C)cc1)CCc2ccc(NS(=O)(=O)C)cc2,1
Azatadine,CN1CCC(=C2c3ccccc3CCc4cccnc24)CC1,1
Nilvadipine,COC(=O)C1=C(NC(=C([C@@H]1c2cccc(c2)[N+](=O)[O-])C(=O)OC(C)C)C)C#N,1
Estazolam,Clc1ccc2c(c1)C(=NCc3nncn23)c4ccccc4,1
Ondansetron,Cc1nccn1C[C@H]2CCc3c(C2=O)c4ccccc4n3C,1
Brotizolam,Cc1nnc2CN=C(c3ccccc3Cl)c4cc(Br)sc4n12,1
Darifenacin,NC(=O)C([C@@H]1CCN(CCc2ccc3OCCc3c2)C1)(c4ccccc4)c5ccccc5,1
Tenoxicam,CN1C(=C(O)c2sccc2S1(=O)=O)C(=O)Nc3ccccn3,1
Felodipine,CCOC(=O)C1=C(C)NC(=C([C@H]1c2cccc(Cl)c2Cl)C(=O)OC)C,1
Bezafibrate,CC(C)(Oc1ccc(CCNC(=O)c2ccc(Cl)cc2)cc1)C(=O)O,1
Tretinoin,C\C(=C/C=C/C(=C/C(=O)O)/C)\C=C\C1=C(C)CCCC1(C)C,1
Lornoxicam,CN1C(=C(O)c2sc(Cl)cc2S1(=O)=O)C(=O)Nc3ccccn3,1
Nebivolol,O[C@H](CNC[C@H](O)[C@H]1CCc2cc(F)ccc2O1)[C@H]3CCc4cc(F)ccc4O3,1
Nadolol,CC(C)(C)NC[C@H](O)COc1cccc2C[C@@H](O)[C@@H](O)Cc12,1
Nabilone,CCCCCCC(C)(C)c1cc(O)c2[C@@H]3CC(=O)CC[C@H]3C(C)(C)Oc2c1,1
Pizotifen,CN1CCC(=C2c3ccccc3CCc4sccc24)CC1,1
Mestranol,COc1ccc2[C@H]3CC[C@@]4(C)[C@@H](CC[C@@]4(O)C#C)[C@@H]3CCc2c1,1
Estramustine,C[C@]12CC[C@H]3[C@@H](CCc4cc(OC(=O)N(CCCl)CCCl)ccc34)[C@@H]1CC[C@@H]2O,1
Ursodiol,C[C@H](CCC(=O)O)[C@H]1CC[C@H]2[C@@H]3[C@@H](O)C[C@@H]4C[C@H](O)CC[C@]4(C)[C@H]3CC[C@]12C,1
Piroxicam,CN1C(=C(O)c2ccccc2S1(=O)=O)C(=O)Nc3ccccn3,1
Nisoldipine,COC(=O)C1=C(C)NC(=C([C@H]1c2ccccc2[N+](=O)[O-])C(=O)OCC(C)C)C,1
Quinacrine,CCN(CC)CCC[C@H](C)Nc1c2ccc(Cl)cc2nc3ccc(OC)cc13,1
Artemether,CO[C@H]1O[C@@H]2O[C@@]3(C)CC[C@H]4[C@H](C)CC[C@@H]([C@H]1C)[C@@]24OO3,1
Esmolol,COC(=O)CCc1ccc(OC[C@H](O)CNC(C)C)cc1,1
Buspirone,O=C1CC2(CCCC2)CC(=O)N1CCCCN3CCN(CC3)c4ncccn4,1
Glipizide,Cc1cnc(cn1)C(=O)NCCc2ccc(cc2)S(=O)(=O)NC(=O)NC3CCCCC3,1
Olanzapine,CN1CCN(CC1)C2=Nc3ccccc3Nc4sc(C)cc24,1
Dapagliflozin,CCOc1ccc(Cc2cc(ccc2Cl)[C@@H]3O[C@H](CO)[C@@H](O)[C@H](O)[C@H]3O)cc1,1
Mefloquine,O[C@@H]([C@@H]1CCCCN1)c2cc(nc3c(cccc23)C(F)(F)F)C(F)(F)F,1
Sulindac,CC1=C(CC(=O)O)c2cc(F)ccc2/C/1=C\c3ccc(cc3)[S@](=O)C,1
Quazepam,Fc1ccccc1C2=NCC(=S)N(CC(F)(F)F)c3ccc(Cl)cc23,1
Entecavir,NC1=Nc2c(ncn2[C@H]3C[C@H](O)[C@@H](CO)C3=C)C(=O)N1,1
Cilastatin,CC1(C)C[C@@H]1C(=O)N\C(=C/CCCCSC[C@H](N)C(=O)O)\C(=O)O,1
Probucol,CC(C)c1cc(SC(C)(C)Sc2cc(c(O)c(c2)C(C)(C)C)C(C)(C)C)cc(c1O)C(C)(C)C,1
Deferasirox,OC(=O)c1ccc(cc1)N2N\C(=C/3\C=CC=CC3=O)\N/C/2=C\4/C=CC=CC4=O,1
Zolmitriptan,CN(C)CCc1c[nH]c2ccc(C[C@H]3COC(=O)N3)cc12,1
Metoprolol,COCCc1ccc(OC[C@H](O)CNC(C)C)cc1,1
Fosamprenavir,CC(C)CN(C[C@@H](OP(=O)(O)O)[C@H](Cc1ccccc1)NC(=O)O[C@H]2CCOC2)S(=O)(=O)c3ccc(N)cc3,1
Pergolide,CCCN1C[C@H](CSC)C[C@H]2[C@H]1Cc3c[nH]c4cccc2c34,1
Benoxaprofen,C[C@H](C(=O)O)c1ccc2oc(nc2c1)c3ccc(Cl)cc3,1
Flurazepam,CCN(CC)CCN1C(=O)CN=C(c2ccccc2F)c3cc(Cl)ccc13,1
Domperidone,Clc1ccc2N(C3CCN(CCCN4C(=O)Nc5ccccc45)CC3)C(=O)Nc2c1,1
Tamsulosin,CCOc1ccccc1OCCN[C@H](C)Cc2ccc(OC)c(c2)S(=O)(=O)N,1
Mycophenolate,COc1c(C)c2COC(=O)c2c(O)c1C\C=C(/C)\CCC(=O)O,1
Ketotifen,CN1CCC(=C2c3ccccc3CC(=O)c4sccc24)CC1,1
Donepezil,COc1cc2C[C@@H](CC3CCN(Cc4ccccc4)CC3)C(=O)c2cc1OC,1
Cimetidine,CN\C(=N\CCSCc1nc[nH]c1C)\NC#N,1
Trimethobenzamide,COc1cc(cc(OC)c1OC)C(=O)NCc2ccc(OCCN(C)C)cc2,1
Valacyclovir,CC(C)[C@H](N)C(=O)OCCOCn1cnc2C(=O)N=C(N)Nc12,1
Zidovudine,CC1=CN([C@@H]2O[C@H](CO)[C@@H](N=[N+]=[N-])[C@H]2O)C(=O)NC1=O,1
Docusate calcium,CCCC[C@@H](CC)COC(=O)[C@@H](CC(=O)OC[C@@H](CC)CCCC)S(=O)(=O)[O-],1
Amoxapine,Clc1ccc2Oc3ccccc3N=C(N4CCNCC4)c2c1,1
Linezolid,CC(=O)NC[C@H]1CN(C(=O)O1)c2ccc(N3CCOCC3)c(F)c2,1
Fluconazole,OC(Cn1cncn1)(Cn2cncn2)c3ccc(F)cc3F,1
Pentostatin,OC[C@H]1O[C@H](C[C@@H]1O)n2cnc3[C@H](O)CNC=Nc23,1
Lormetazepam,CN1C(=O)[C@@H](O)N=C(c2ccccc2Cl)c3cc(Cl)ccc13,1
Azelastine,CN1CCC[C@@H](CC1)N2N=C(Cc3ccc(Cl)cc3)c4ccccc4C2=O,1
Mitoxantrone,OCCNCCNc1ccc(NCCNCCO)c2C(=O)c3c(O)ccc(O)c3C(=O)c12,1
Pinaverium,COc1cc(Br)c(C[N+]2(CCOCC[C@@H]3CC[C@@H]4C[C@H]3C4(C)C)CCOCC2)cc1OC,1
Dronabinol,CCCCCc1cc(O)c2[C@@H]3C=C(C)CC[C@H]3C(C)(C)Oc2c1,1
Flunarizine,Fc1ccc(cc1)C(N2CCN(C\C=C\c3ccccc3)CC2)c4ccc(F)cc4,1
Parecoxib,CCC(=O)NS(=O)(=O)c1ccc(cc1)c2c(C)onc2c3ccccc3,1
Clozapine,CN1CCN(CC1)C2=Nc3cc(Cl)ccc3Nc4ccccc24,1
Carprofen,C[C@H](C(=O)O)c1ccc2c(c1)[nH]c3ccc(Cl)cc23,1
Bendamustine,Cn1c(CCCC(=O)O)nc2cc(ccc12)N(CCCl)CCCl,1
Levobupivacaine,CCCCN1CCCC[C@H]1C(=O)Nc2c(C)cccc2C,1
Betamethasone,C[C@H]1C[C@H]2[C@@H]3CCC4=CC(=O)C=C[C@]4(C)[C@@]3(F)[C@@H](O)C[C@]2(C)[C@@]1(O)C(=O)CO,1
Lorazepam,O[C@@H]1N=C(c2ccccc2Cl)c3cc(Cl)ccc3NC1=O,1
Ramelteon,CCC(=O)NCC[C@@H]1CCc2ccc3OCCc3c12,1
Ranitidine,CN\C(=C/[N+](=O)[O-])\NCCSCc1oc(CN(C)C)cc1,1
Acebutolol,CCCC(=O)Nc1ccc(OC[C@H](O)CNC(C)C)c(c1)C(=O)C,1
Etodolac,CCc1cccc2c3CCO[C@](CC)(CC(=O)O)c3[nH]c12,1
Dobutamine,C[C@H](CCc1ccc(O)cc1)NCCc2ccc(O)c(O)c2,1
Triamcinolone,C[C@]12C[C@H](O)[C@@]3(F)[C@@H](CCC4=CC(=O)C=C[C@]34C)[C@@H]1C[C@@H](O)[C@]2(O)C(=O)CO,1
Retapamulin,C[C@@H]1CC[C@@]23CCC(=O)[C@H]2[C@]1(C)[C@@H](C[C@@](C)(C=C)[C@@H](O)[C@@H]3C)OC(=O)CS[C@@H]4C[C@H]5CC[C@@H](C4)N5C,1
Zanamivir,CC(=O)N[C@@H]1[C@@H](NC(=N)N)C=C(O[C@@H]1[C@H](O)[C@H](O)CO)C(=O)O,1
Cinacalcet,C[C@@H](NCCCc1cccc(c1)C(F)(F)F)c2cccc3ccccc23,1
Terbinafine,CN(C\C=C\C#CC(C)(C)C)Cc1cccc2ccccc12,1
Timolol,CC(C)(C)NC[C@H](O)COc1nsnc1N2CCOCC2,1
Apomorphine,CN1CCc2cccc3c2[C@H]1Cc4ccc(O)c(O)c34,1
Glibenclamide,COc1ccc(Cl)cc1C(=O)NCCc2ccc(cc2)S(=O)(=O)NC(=O)NC3CCCCC3,1
Anastrozole,CC(C)(C#N)c1cc(Cn2cncn2)cc(c1)C(C)(C)C#N,1
Famotidine,NC(=N)Nc1nc(CSCCC(=N)NS(=O)(=O)N)cs1,1
Azacitidine,NC1=NC(=O)N(C=N1)[C@@H]2O[C@H](CO)[C@@H](O)[C@H]2O,1
Difluprednate,CCCC(=O)O[C@@]1(CC[C@H]2[C@@H]3C[C@H](F)C4=CC(=O)C=C[C@]4(C)[C@@]3(F)[C@@H](O)C[C@]12C)C(=O)COC(=O)C,1
Albendazole,CCCSc1ccc2[nH]c(NC(=O)OC)nc2c1,1
Loxapine,CN1CCN(CC1)C2=Nc3ccccc3Oc4ccc(Cl)cc24,1
Fluorometholone,C[C@H]1C[C@H]2[C@@H]3CC[C@](O)(C(=O)C)[C@@]3(C)C[C@H](O)[C@]2(F)[C@@]4(C)C=CC(=O)C=C14,1
Fexofenadine,CC(C)(C(=O)O)c1ccc(cc1)[C@@H](O)CCCN2CCC(CC2)C(O)(c3ccccc3)c4ccccc4,1
Dosulepin,CN(C)CC\C=C\1/c2ccccc2CSc3ccccc13,1
Dothiepin,CN(C)CC\C=C/1\c2ccccc2CSc3ccccc13,1
Balsalazide,OC(=O)CCNC(=O)c1ccc(cc1)N=Nc2ccc(O)c(c2)C(=O)O,1
Sumatriptan,CNS(=O)(=O)Cc1ccc2[nH]cc(CCN(C)C)c2c1,1
Cholestyramine,CCc1ccc(cc1)[C@H](C)CCc2ccc(cc2)[N+](C)(C)C,1
Ranolazine,COc1ccccc1OC[C@H](O)CN2CCN(CC(=O)Nc3c(C)cccc3C)CC2,1
Ethinyl estradiol,C[C@]12CC[C@H]3[C@@H](CCc4cc(O)ccc34)[C@@H]1CC[C@@]2(O)C#C,1
Danazol,C[C@]12Cc3cnoc3C=C1CC[C@@H]4[C@@H]2CC[C@@]5(C)[C@H]4CC[C@@]5(O)C#C,1
Indomethacin,COc1ccc2c(c1)c(CC(=O)O)c(C)n2C(=O)c3ccc(Cl)cc3,1
Clorazepate,OC(=O)[C@H]1N=C(c2ccccc2)c3cc(Cl)ccc3NC1(O)O,1
Rotigotine,CCCN(CCc1cccs1)[C@@H]2CCc3c(O)cccc3C2,1
Levothyroxine,N[C@H](C(=O)O)c1cc(I)c(Oc2cc(I)c(O)c(I)c2)c(I)c1,1
Mebendazole,COC(=O)Nc1nc2cc(ccc2[nH]1)C(=O)c3ccccc3,1
Acyclovir,NC1=Nc2c(ncn2COCCO)C(=O)N1,1
Clobetasol,C[C@H]1C[C@H]2[C@@H]3CCC4=CC(=O)C=C[C@]4(C)[C@@]3(F)[C@@H](O)C[C@]2(C)[C@@]1(O)C(=O)CCl,1
Frovatriptan,CN[C@@H]1CCc2[nH]c3ccc(cc3c2C1)C(=O)N,1
Indoprofen,C[C@H](C(=O)O)c1ccc(cc1)N2Cc3ccccc3C2=O,1
Griseofulvin,COC1=CC(=O)C[C@@H](C)[C@]12Oc3c(Cl)c(OC)cc(OC)c3C2=O,1
Chlorhexidine,Clc1ccc(NC(=N)NC(=N)NCCCCCCNC(=N)NC(=N)Nc2ccc(Cl)cc2)cc1,1
Temazepam,CN1C(=O)[C@@H](O)N=C(c2ccccc2)c3cc(Cl)ccc13,1
Paroxetine,Fc1ccc(cc1)[C@@H]2CCNC[C@H]2COc3ccc4OCOc4c3,1
Celecoxib,Cc1ccc(cc1)c2cc(nn2c3ccc(cc3)S(=O)(=O)N)C(F)(F)F,1
Emtricitabine,NC1=NC(=O)N(C=C1F)[C@@H]2CS[C@H](CO)O2,1
Ibutilide,CCCCCCCN(CC)CCC[C@H](O)c1ccc(NS(=O)(=O)C)cc1,1
Quinidine,COc1ccc2nccc([C@H](O)[C@H]3C[C@@H]4CCN3C[C@@H]4C=C)c2c1,1
Didanosine,OC[C@@H]1CC[C@@H](O1)n2cnc3C(=O)NC=Nc23,1
Ropivacaine,CCCN1CCCC[C@H]1C(=O)Nc2c(C)cccc2C,1
Norelgestromin,CC[C@]12CC[C@H]3[C@@H](CCC4=C\C(=N\O)\CC[C@H]34)[C@@H]1CC[C@@]2(O)C#C,1
Topiramate,CC1(C)O[C@@H]2CO[C@@]3(COS(=O)(=O)N)OC(C)(C)O[C@H]3[C@@H]2O1,1
Granisetron,CN1[C@@H]2CCC[C@H]1C[C@@H](C2)NC(=O)c3nn(C)c4ccccc34,1
Zaleplon,CCN(C(=O)C)c1cccc(c1)c2ccnc3c(cnn23)C#N,1
Oxazepam,O[C@H]1N=C(c2ccccc2)c3cc(Cl)ccc3NC1=O,1
Dipyridamole,OCCN(CCO)c1nc(N2CCCCC2)c3nc(nc(N4CCCCC4)c3n1)N(CCO)CCO,1
Galantamine,COc1ccc2CN(C)CC[C@@]34C=C[C@H](O)C[C@@H]3Oc1c24,1
Drospirenone,C[C@]12CCC(=O)C=C1[C@@H]3C[C@@H]3[C@@H]4[C@@H]2CC[C@@]5(C)[C@H]4[C@@H]6C[C@@H]6[C@@]57CCC(=O)O7,1
Tiagabine,Cc1ccsc1C(=CCCN2CCC[C@H](C2)C(=O)O)c3sccc3C,1
Cytarabine,NC1=NC(=O)N(C=C1)[C@@H]2O[C@H](CO)[C@@H](O)[C@@H]2O,1
Escitalopram,CN(C)CCC[C@]1(OCc2cc(ccc12)C#N)c3ccc(F)cc3,1
Etoricoxib,Cc1ccc(cn1)c2ncc(Cl)cc2c3ccc(cc3)S(=O)(=O)C,1
Polythiazide,CN1[C@H](CSCC(F)(F)F)Cc2cc(Cl)c(cc2S1(=O)=O)S(=O)(=O)N,1
Pimozide,Fc1ccc(cc1)C(CCCN2CCC(CC2)N3C(=O)Nc4ccccc34)c5ccc(F)cc5,1
Quetiapine,OCCOCCN1CCN(CC1)C2=Nc3ccccc3Sc4ccccc24,1
Liothyronine,N[C@@H](Cc1cc(I)c(Oc2ccc(O)c(I)c2)c(I)c1)C(=O)O,1
Fenofibrate,CC(C)OC(=O)C(C)(C)Oc1ccc(cc1)C(=O)c2ccc(Cl)cc2,1
Lamivudine,NC1=NC(=O)N(C=C1)[C@@H]2CS[C@H](CO)O2,1
Gemcitabine,NC1=NC(=O)N(C=C1)[C@@H]2O[C@H](CO)[C@@H](O)C2(F)F,1
Clopidogrel,COC(=O)[C@@H](N1CCc2sccc2C1)c3ccccc3Cl,1
Amiodarone,CCCCc1oc2ccccc2c1C(=O)c3cc(I)c(OCCN(CC)CC)c(I)c3,1
Tenofovir,C[C@H](Cn1cnc2c(N)ncnc12)OCP(=O)(O)O,1
Nifedipine,COC(=O)C1=C(C)NC(=C(C1c2ccccc2[N+](=O)[O-])C(=O)OC)C,1
Desogestrel,CC[C@]12CC(=C)[C@H]3[C@@H](CCC4=CCCC[C@H]34)[C@@H]1CC[C@@]2(O)C#C,1
Cyproterone,CC(=O)[C@@]1(O)CC[C@H]2[C@@H]3C=C(Cl)C4=CC(=O)[C@@H]5C[C@@H]5[C@]4(C)[C@H]3CC[C@]12C,1
Fluvoxamine,COCCCC\C(=N/OCCN)\c1ccc(cc1)C(F)(F)F,1
Dexamethasone,CCC(=O)[C@@]1(O)[C@H](C)C[C@H]2[C@@H]3CCC4=CC(=O)C=C[C@]4(C)[C@@]3(F)[C@@H](O)C[C@]12C,1
Sapropterin,C[C@H](O)[C@H](O)[C@H]1CNC2=C(N1)C(=O)NC(=N2)N,1
Anagrelide,Clc1ccc2N=C3NC(=O)CN3Cc2c1Cl,1
Bortezomib,CC(C)C[C@H](NC(=O)[C@H](Cc1ccccc1)NC(=O)c2cnccn2)B(O)O,1
Tegaserod,CCCCCNC(=N)N\N=C\c1c[nH]c2ccc(OC)cc12,1
Butorphanol,Oc1ccc2C[C@H]3N(CC4CCC4)CC[C@@]5(CCCC[C@@]35O)c2c1,1
Metolazone,C[C@H]1Nc2cc(Cl)c(cc2C(=O)N1c3ccccc3C)S(=O)(=O)N,1
Adefovir,Nc1ncnc2c1ncn2CCOCP(=O)(O)O,1
Hydroxychloroquine,CCN(CCO)CCC[C@H](C)Nc1ccnc2cc(Cl)ccc12,1
Hycanthone,CCN(CC)CCNc1ccc(CO)c2Sc3ccccc3C(=O)c12,1
Tetrabenazine,COc1cc2CCN3C[C@@H](CC(C)C)C(=O)C[C@H]3c2cc1OC,1
Praziquantel,O=C(C1CCCCC1)N2C[C@@H]3N(CCc4ccccc34)C(=O)C2,1
Nelarabine,COc1nc(N)nc2c1ncn2[C@@H]3O[C@H](CO)[C@@H](O)[C@@H]3O,1
Zomepirac,Cc1cc(CC(=O)O)n(C)c1C(=O)c2ccc(Cl)cc2,1
Efavirenz,FC(F)(F)[C@]1(OC(=O)Nc2ccc(Cl)cc12)C#CC3CC3,1
Atenolol,CC(C)NC[C@H](O)COc1ccc(CC(=O)N)cc1,1
Sulfinpyrazone,O=C1C(CC[S@](=O)c2ccccc2)C(=O)N(N1c3ccccc3)c4ccccc4,1
Levocetirizine,OC(=O)COCCN1CCN(CC1)[C@H](c2ccccc2)c3ccc(Cl)cc3,1
Stavudine,CC1=CN([C@@H]2O[C@H](CO)C=C2)C(=O)NC1=O,1
Oseltamivir,CCOC(=O)C1=C[C@@H](OC(CC)CC)[C@H](NC(=O)C)[C@@H](N)C1,1
Solifenacin,O=C(O[C@H]1CN2CCC1CC2)N3CCc4ccccc4[C@@H]3c5ccccc5,1
Triamterene,Nc1nc(N)c2nc(c(N)nc2n1)c3ccccc3,1
Lonidamine,OC(=O)c1nn(Cc2ccc(Cl)cc2Cl)c3ccccc13,1
Bexarotene,Cc1cc2c(cc1C(=C)c3ccc(cc3)C(=O)O)C(C)(C)CCC2(C)C,1
Nalidixic acid,CCN1C=C(C(=O)O)C(=O)c2ccc(C)nc12,1
Decitabine,NC1=NC(=O)N(C=N1)[C@H]2C[C@H](O)[C@@H](CO)O2,1
Arformoterol,COc1ccc(C[C@@H](C)NC[C@H](O)c2ccc(O)c(NC=O)c2)cc1,1
Diclofensine,COc1ccc2[C@@H](CN(C)Cc2c1)c3ccc(Cl)c(Cl)c3,1
Emedastine,CCOCCn1c(nc2ccccc12)N3CCCN(C)CC3,1
Famciclovir,CC(=O)OCC(CCn1cnc2cnc(N)nc12)COC(=O)C,1
Pindolol,CC(C)NC[C@H](O)COc1cccc2[nH]ccc12,1
Bupivacaine,CCCCN1CCCC[C@@H]1C(=O)c2c(C)cccc2C,1
Diflunisal,OC(=O)c1cc(ccc1O)c2ccc(F)cc2F,1
Piperacillin,CCN1CCN(C(=O)N[C@@H](C(=O)N[C@H]2[C@H]3SC(C)(C)[C@@H](N3C2=O)C(=O)O)c4ccccc4)C(=O)C1=O,1
Tazobactam,C[C@]1(Cn2ccnn2)[C@@H](N3[C@@H](CC3=O)S1(=O)=O)C(=O)O,1
Letrozole,N#Cc1ccc(cc1)C(c2ccc(cc2)C#N)n3cncn3,1
Indacrinone,C[C@@]1(Cc2cc(OCC(=O)O)c(Cl)c(Cl)c2C1=O)c3ccccc3,1
Miglustat,CCCCN1C[C@H](O)[C@@H](O)[C@H](O)[C@H]1CO,1
Labetalol,C[C@H](CCc1ccccc1)NC[C@H](O)c2ccc(O)c(c2)C(=O)N,1
Tolmetin,Cc1ccc(cc1)C(=O)c2ccc(CC(=O)O)n2C,1
Chlordiazepoxide,CNC1=Nc2ccc(Cl)cc2C(=[N+]([O-])C1)c3ccccc3,1
Dorzolamide,CCN[C@H]1C[C@H](C)S(=O)(=O)c2sc(cc12)S(=O)(=O)N,1
Epinastine,NC1=NC[C@@H]2N1c3ccccc3Cc4ccccc24,1
Thioridazine,CSc1ccc2Sc3ccccc3N(CC[C@H]4CCCCN4C)c2c1,1
Valdecoxib,Cc1onc(c2ccccc2)c1c3ccc(cc3)S(=O)(=O)N,1
Fludrocortisone,C[C@]12C[C@H](O)[C@@]3(F)[C@@H](CCC4=CC(=O)CC[C@]34C)[C@@H]1CC[C@]2(O)C(=O)CO,1
Mepivacaine,CN1CCCC[C@@H]1C(=O)Nc2c(C)cccc2C,1
Chloroquine,CCN(CC)CCC[C@H](C)Nc1ccnc2cc(Cl)ccc12,1
Telbivudine,CC1=CN([C@@H]2C[C@@H](O)[C@H](CO)O2)C(=O)NC1=O,1
Molindone,CCc1c(C)[nH]c2CC[C@@H](CN3CCOCC3)C(=O)c12,1
Azathioprine,Cn1cnc(c1Sc2[nH]cnc3ncnc23)[N+](=O)[O-],1
Bumetanide,CCCCNc1cc(cc(c1Oc2ccccc2)S(=O)(=O)N)C(=O)O,1
Piretanide,NS(=O)(=O)c1cc(cc(N2CCCC2)c1Oc3ccccc3)C(=O)O,1
Oxymetazoline,Cc1cc(c(O)c(C)c1CC2=NCCN2)C(C)(C)C,1
Proquazone,CC(C)N1C(=O)N=C(c2ccccc2)c3ccc(C)cc13,1
Cinnarizine,C(\C=C\c1ccccc1)N2CCN(CC2)C(c3ccccc3)c4ccccc4,1
Salbutamol,CC(C)(C)NC[C@H](O)c1ccc(O)c(CO)c1,1
Thiothixene,CN(C)S(=O)(=O)c1ccc2Sc3ccccc3\C(=C\CCN4CCN(C)CC4)\c2c1,1
Pirbuterol,CC(C)(C)NC[C@H](O)c1ccc(O)c(CO)n1,1
Miglitol,OCCN1C[C@H](O)[C@@H](O)[C@H](O)[C@H]1CO,1
Atovaquone,OC1=C([C@@H]2CC[C@H](CC2)c3ccc(Cl)cc3)C(=O)c4ccccc4C1=O,1
Flunitrazepam,CN1C(=O)CN=C(c2ccccc2F)c3cc(ccc13)[N+](=O)[O-],1
Captopril,C[C@H](CS)C(=O)N1CCC[C@H]1C(=O)O,1
Torsemide,CC(C)NC(=O)NS(=O)(=O)c1cnccc1Nc2cccc(C)c2,1
Pramipexole,CCCN[C@H]1CCc2nc(N)sc2C1,1
Benzethonium,CC(C)(C)CC(C)(C)c1ccc(OCCOCC[N+](C)(C)Cc2ccccc2)cc1,1
Ribavirin,NC(=O)c1ncn(n1)[C@@H]2O[C@H](CO)[C@@H](O)[C@H]2O,1
Frusemide,NS(=O)(=O)c1cc(C(=O)O)c(NCc2occc2)cc1Cl,1
Thiabendazole,c1ccc2[nH]c(nc2c1)c3cscn3,1
Auranofin,CC(=O)OC[C@H]1O[C@@H]([S-])[C@H](OC(=O)C)[C@@H](OC(=O)C)[C@@H]1OC(=O)C,1
Clomipramine,CN(C)CCCN1c2ccccc2CCc3ccc(Cl)cc13,1
Tamoxifen,CC\C(=C(/c1ccccc1)\c2ccc(OCCN(C)C)cc2)\c3ccccc3,1
Cyproheptadine,CN1CCC(=C2c3ccccc3C=Cc4ccccc24)CC1,1
Hydroflumethiazide,NS(=O)(=O)c1cc2c(NCNS2(=O)=O)cc1C(F)(F)F,1
Spironolactone,CC(=O)S[C@@H]1CC2=CC(=O)CC[C@]2(C)[C@H]3CC[C@@]4(C)[C@@H](CC[C@@]45CCC(=O)O5)[C@H]13,1
Clemastine,CN1CCC[C@@H]1CCO[C@@](C)(c2ccccc2)c3ccc(Cl)cc3,1
Reboxetine,CCOc1ccccc1O[C@H]([C@H]2CNCCO2)c3ccccc3,1
Physostigmine,CNC(=O)Oc1ccc2N(C)[C@H]3N(C)CC[C@@]3(C)c2c1,1
Sertraline,CN[C@H]1CC[C@@H](c2ccc(Cl)c(Cl)c2)c3ccccc13,1
Rofecoxib,CS(=O)(=O)c1ccc(cc1)C2=C(C(=O)OC2)c3ccccc3,1
Imiquimod,CC(C)Cn1cnc2c(N)nc3ccccc3c12,1
Meclizine,Cc1cccc(CN2CCN(CC2)[C@H](c3ccccc3)c4ccc(Cl)cc4)c1,1
Temozolomide,CN1N=Nc2c(ncn2C1=O)C(=O)N,1
Cinoxacin,CCN1N=C(C(=O)O)C(=O)c2cc3OCOc3cc12,1
Thiethylperazine,CCSc1ccc2Sc3ccccc3N(CCCN4CCN(C)CC4)c2c1,1
Diltiazem,COc1ccc(cc1)[C@@H]2Sc3ccccc3N(CCN(C)C)C(=O)[C@@H]2OC(=O)C,1
Diclofenac,OC(=O)Cc1ccccc1Nc2c(Cl)cccc2Cl,1
Adenosine,Nc1ncnc2c1ncn2[C@@H]3O[C@H](CO)[C@@H](O)[C@H]3O,1
Zotepine,CN(C)CCOC1=Cc2ccccc2Sc3ccc(Cl)cc13,1
Ropinirole,CCCN(CCC)CCc1cccc2NC(=O)Cc12,1
Fluoxetine,CNCC[C@H](Oc1ccc(cc1)C(F)(F)F)c2ccccc2,1
Pyrimethamine,CCc1nc(N)nc(N)c1c2ccc(Cl)cc2,1
Loperamide,CN(C)C(=O)C(CCN1CCC(O)(CC1)c2ccc(Cl)cc2)(c3ccccc3)c4ccccc4,1
Trimipramine,C[C@H](CN(C)C)CN1c2ccccc2CCc3ccccc13,1
Lenalidomide,Nc1cccc2C(=O)N(Cc12)[C@H]3CCC(=O)NC3=O,1
Lamotrigine,Nc1nnc(c(N)n1)c2cccc(Cl)c2Cl,1
Papaverine,COc1ccc(Cc2nccc3cc(OC)c(OC)cc23)cc1OC,1
Ketorolac,OC(=O)[C@H]1CCn2c1ccc2C(=O)c3ccccc3,1
Indapamide,C[C@@H]1Cc2ccccc2N1NC(=O)c3ccc(Cl)c(c3)S(=O)(=O)N,1
Propafenone,CCCNC[C@H](O)COc1ccccc1C(=O)CCc2ccccc2,1
Flavoxate,CC1=C(Oc2c(cccc2C1=O)C(=O)OCCN3CCCCC3)c4ccccc4,1
Hydroxyzine,OCCOCCN1CCN(CC1)[C@H](c2ccccc2)c3ccc(Cl)cc3,1
Cortisone,C[C@]12CCC(=O)C=C1CC[C@H]3[C@@H]4CC[C@](O)(C(=O)CO)[C@@]4(C)CC(=O)[C@H]23,1
Clonazepam,[O-][N+](=O)c1ccc2NC(=O)CN=C(c3ccccc3Cl)c2c1,1
Mitomycin,CO[C@@]12[C@@H]3N[C@@H]3CN1C4=C([C@@H]2COC(=O)N)C(=O)C(=C(C)C4=O)N,1
Desipramine,CNCCCN1c2ccccc2CCc3ccccc13,1
Nortriptyline,CNCCC=C1c2ccccc2CCc3ccccc13,1
Naproxen,COc1ccc2cc(ccc2c1)[C@H](C)C(=O)O,1
Viloxazine,CCOc1ccccc1OC[C@H]2CNCCO2,1
Aurothioglucose,OC[C@H]1O[C@H]([S-])[C@H](O)[C@@H](O)[C@@H]1O,1
Brimonidine,Brc1c(NC2=NCCN2)ccc3nccnc13,1
Chlorambucil,OC(=O)CCCc1ccc(cc1)N(CCCl)CCCl,1
Procarbazine,CNNCc1ccc(cc1)C(=O)NC(C)C,1
Mefenamic acid,Cc1cccc(Nc2ccccc2C(=O)O)c1C,1
Maprotiline,CNCCC[C@@]12CC[C@@H](c3ccccc13)c4ccccc24,1
Budesonide,CCC[C@@H]1O[C@@H]2C[C@H]3[C@@H]4CCC5=CC(=O)C=C[C@]5(C)[C@H]4[C@@H](O)C[C@]3(C)[C@@]2(O1)C(=O)CO,1
Isocarboxazid,Cc1onc(c1)C(=O)NNCc2ccccc2,1
Ifosfamide,ClCCN[P@@]1(=O)OCCCN1CCCl,1
Chlorthalidone,NS(=O)(=O)c1cc(ccc1Cl)[C@]2(O)NC(=O)c3ccccc23,1
Bromfenac,Nc1c(CC(=O)O)cccc1C(=O)c2ccc(Br)cc2,1
Venlafaxine,COc1ccc(cc1)[C@H](CN(C)C)C2(O)CCCCC2,1
Proguanil,CC(C)\N=C(/N)\N=C(/N)\Nc1ccc(Cl)cc1,1
Allopurinol,O=C1NC=Nc2[nH]ncc12,1
Amitriptyline,CN(C)CCC=C1c2ccccc2CCc3ccccc13,1
Clotrimazole,Clc1ccc(cc1)C(c2ccccc2)(c3ccccc3)n4ccnc4,1
Rasagiline,C#CCN[C@@H]1CCc2ccccc12,1
Dezocine,C[C@@]1(N)[C@H]2CCCCC[C@]1(C)c3cc(O)ccc3C2,1
Prilocaine,CCCN[C@@H](C)C(=O)Nc1ccccc1C,1
Ambrisentan,COC([C@H](Oc1nc(C)cc(C)n1)C(=O)O)(c2ccccc2)c3ccccc3,1
Hydromorphone,CN1CC[C@@]23[C@H]4CCC(=O)[C@@H]2Oc5c(O)ccc(C[C@@H]14)c35,1
Prednisone,C[C@]12CC(=O)[C@H]3[C@@H](CCC4=CC(=O)C=C[C@]34C)[C@@H]1CC[C@]2(O)C(=O)CO,1
Moricizine,CCOC(=O)Nc1ccc2Sc3ccccc3N(C(=O)CCN4CCOCC4)c2c1,1
Fenoprofen,C[C@H](C(=O)O)c1cccc(Oc2ccccc2)c1,1
Tetrahydrozoline,C1C[C@H](C2=NCCN2)c3ccccc3C1,1
Gadodiamide,CNC(=O)CN(CCN(CCN(CC(=O)[O-])CC(=O)NC)CC(=O)[O-])CC(=O)[O-],1
Oxcarbazepine,NC(=O)N1c2ccccc2CC(=O)c3ccccc13,1
Estrogens,C[C@]12CC[C@H]3[C@@H](CCc4cc(O)ccc34)[C@@H]1CC[C@@H]2O,1
Gemfibrozil,Cc1ccc(C)c(OCCCC(C)(C)C(=O)O)c1,1
Sibutramine,CC(C)C[C@H](N(C)N)C1(CCC1)c2ccc(Cl)cc2,1
Cyclobenzaprine,CN(C)CCC=C1c2ccccc2C=Cc3ccccc13,1
Clobazam,CN1C(=O)CC(=O)N(c2ccccc2)c3cc(Cl)ccc13,1
Doxepin,CN(C)CC\C=C\1/c2ccccc2COc3ccccc13,1
Bepridil,CC(C)COC[C@H](CN(Cc1ccccc1)c2ccccc2)N3CCCC3,1
Phentolamine,Cc1ccc(cc1)N(CC2=NCCN2)c3cccc(O)c3,1
Naphazoline,C(C1=NCCN1)c2cccc3ccccc23,1
Nitrazepam,[O-][N+](=O)c1ccc2NC(=O)CN=C(c3ccccc3)c2c1,1
Rivastigmine,CCN(C)C(=O)Oc1cccc(c1)[C@H](C)N(C)C,1
Etidocaine,CCCN(CC)[C@@H](CC)C(=O)Nc1c(C)cccc1C,1
Zonisamide,NS(=O)(=O)Cc1noc2ccccc12,1
Clonidine,Clc1cccc(Cl)c1NC2=NCCN2,1
Carbidopa,C[C@](Cc1ccc(O)c(O)c1)(NN)C(=O)O,1
Amonafide,CN(C)CCN1C(=O)c2cccc3cc(N)cc(C1=O)c23,1
Ciprofibrate,CC(C)(Oc1ccc(cc1)[C@@H]2CC2(Cl)Cl)C(=O)O,1
Tolcapone,Cc1ccc(cc1)C(=O)c2cc(O)c(O)c(c2)[N+](=O)[O-],1
Primaquine,COc1cc(N[C@H](C)CCCN)c2ncccc2c1,1
Tramadol,COc1cccc(c1)[C@@]2(O)CCCC[C@@H]2CN(C)C,1
Thonzylamine,COc1ccc(CN(CCN(C)C)c2ncccn2)cc1,1
Amiloride,NC(=N)NC(=O)c1nc(Cl)c(N)nc1N,1
Leflunomide,Cc1oncc1C(=O)Nc2ccc(cc2)C(F)(F)F,1
Oxprenolol,CC(C)NC[C@H](O)COc1ccccc1OCC=C,1
Gliclazide,Cc1ccc(cc1)S(=O)(=O)NC(=O)NN2C[C@H]3CCC[C@H]3C2,1
Ethacrynic acid,CCC(=C)C(=O)c1ccc(OCC(=O)O)c(Cl)c1Cl,1
Potassium gluconate,OC[C@@H](O)[C@@H](O)[C@H](O)[C@@H](O)C(=O)[O-],1
Doxapram,CCN1C[C@@H](CCN2CCOCC2)C(C1=O)(c3ccccc3)c4ccccc4,1
Tolterodine,CC(C)N(CC[C@H](c1ccccc1)c2cc(C)ccc2O)C(C)C,1
Diazepam,CN1C(=O)CN=C(c2ccccc2)c3cc(Cl)ccc13,1
Minoxidil,Nc1cc(nc(N)[n+]1[O-])N2CCCCC2,1
Pyrantel,CN1CCCN=C1\C=C\c2cccs2,1
Diazoxide,CC1=Nc2ccc(Cl)cc2S(=O)(=O)N1,1
Mitotane,ClC(Cl)[C@H](c1ccc(Cl)cc1)c2ccccc2Cl,1
Riluzole,Nc1nc2ccc(OC(F)(F)F)cc2s1,1
Flunisolide,CC1(C)O[C@@H]2C[C@H]3[C@@H]4C[C@H](F)C5=CC(=O)C=C[C@]5(C)[C@H]4[C@@H](O)C[C@]3(C)[C@@]2(O1)C(=O)CO,1
Milrinone,CC1=C(C=C(C#N)C(=O)N1)c2ccncc2,1
Nitisinone,[O-][N+](=O)c1cc(ccc1C(=O)C2C(=O)CCCC2=O)C(F)(F)F,1
Trimebutine,CC[C@](COC(=O)c1cc(OC)c(OC)c(OC)c1)(N(C)C)c2ccccc2,1
Quinethazone,CC[C@H]1NC(=O)c2cc(c(Cl)cc2N1)S(=O)(=O)N,1
Imipramine,CN(C)CCCN1c2ccccc2CCc3ccccc13,1
Estriol,C[C@]12CC[C@H]3[C@@H](CCc4cc(O)ccc34)[C@@H]1C[C@@H](O)[C@@H]2O,1
Atomoxetine,CNCC[C@@H](Oc1ccccc1C)c2ccccc2,1
Hydrochlorothiazide,NS(=O)(=O)c1cc2c(NCNS2(=O)=O)cc1Cl,1
Fentanyl,CCC(=O)N(C1CCN(CCc2ccccc2)CC1)c3ccccc3,1
Phenazopyridine,Nc1ccc(N=Nc2ccccc2)c(N)n1,1
Midodrine,COc1ccc(OC)c(c1)[C@@H](O)CNC(=O)CN,1
Flutamide,CC(C)C(=O)Nc1ccc(c(c1)C(F)(F)F)[N+](=O)[O-],1
Bisacodyl,CC(=O)Oc1ccc(cc1)C(c2ccc(OC(=O)C)cc2)c3ccccn3,1
Entacapone,CCN(CC)C(=O)\C(=C\c1cc(O)c(O)c(c1)[N+](=O)[O-])\C#N,1
Chlorpheniramine,CN(C)CC[C@H](c1ccc(Cl)cc1)c2ccccn2,1
Dexchlorpheniramine,CN(C)CC[C@@H](c1ccc(Cl)cc1)c2ccccn2,1
Desvenlafaxine,CN(C)C[C@H](c1ccc(O)cc1)C2(O)CCCCC2,1
Levonorgestrel,CC[C@]12CC[C@H]3[C@@H](CCC4=CC(=O)CC[C@H]34)[C@@H]1CC[C@@]2(O)C#C,1
Methylprednisolone,C[C@H]1C[C@H]2[C@@H]3CC[C@](O)(C(=O)CO)[C@@]3(C)C[C@H](O)[C@@H]2[C@@]4(C)C=CC(=O)C=C14,1
Flucytosine,NC1=NC(=O)NC=C1F,1
Methyldopate,CCOC(=O)[C@@](C)(N)Cc1ccc(O)c(O)c1,1
Methocarbamol,COc1ccccc1OC[C@H](O)COC(=O)N,1
Amezinium,COc1cc(N)cn[n+]1c2ccccc2,1
Melitracen,CN(C)CCC=C1c2ccccc2C(C)(C)c3ccccc13,1
Carisoprodol,CCC[C@@](C)(COC(=O)N)COC(=O)NC(C)C,1
Cyclophosphamide,ClCCN(CCCl)[P@]1(=O)NCCCO1,1
Olsalazine,OC(=O)c1cc(ccc1O)N=Nc2ccc(O)c(c2)C(=O)O,1
Guaifenesin,COc1ccccc1OC[C@H](O)CO,1
Tocainide,C[C@H](N)C(=O)Nc1c(C)cccc1C,1
Mexiletine,C[C@H](N)COc1c(C)cccc1C,1
Uracil mustard,ClCCN(CCCl)C1=CNC(=O)NC1=O,1
Sorbitol,OC[C@@H](O)[C@@H](O)[C@H](O)[C@@H](O)CO,1
Mannitol,OC[C@@H](O)[C@@H](O)[C@H](O)[C@H](O)CO,1
Ibuprofen,CC(C)Cc1ccc(cc1)[C@@H](C)C(=O)O,1
Baclofen,NC[C@H](CC(=O)O)c1ccc(Cl)cc1,1
Tacrine,Nc1c2CCCCc2nc3ccccc13,1
Methazolamide,CN1N=C(S/C/1=N/C(=O)C)S(=O)(=O)N,1
Armodafinil,NC(=O)C[S@](=O)C(c1ccccc1)c2ccccc2,1
Desoximetasone,C[C@@H]1C[C@H]2[C@@H]3CCC4=CC(=O)C=C[C@]4(C)[C@@]3(F)[C@@H](O)C[C@]2(C)[C@H]1C(=O)CO,1
Fluorouracil,FC1=CNC(=O)NC1=O,1
Mercaptopurine,S=C1NC=Nc2nc[nH]c12,1
Memantine,C[C@@]12C[C@@H]3C[C@@](C)(C1)C[C@@](N)(C3)C2,1
Clomiphene,CCN(CC)CCOc1ccc(cc1)C(=C(Cl)c2ccccc2)c3ccccc3,1
Propranolol,CC(C)NC[C@H](O)COc1cccc2ccccc12,1
Cevimeline,C[C@@H]1O[C@@]2(CS1)CN3CCC2CC3,1
Moclobemide,Clc1ccc(cc1)C(=O)NCCN2CCOCC2,1
Guanfacine,NC(=N)NC(=O)Cc1c(Cl)cccc1Cl,1
Rimantadine,C[C@H](N)C12C[C@@H]3C[C@@H](C[C@@H](C3)C1)C2,1
Lacosamide,COC[C@@H](NC(=O)C)C(=O)NCc1ccccc1,1
Methylphenidate,COC(=O)[C@H]([C@H]1CCCCN1)c2ccccc2,1
Pregabalin,CC(C)C[C@H](CN)CC(=O)O,1
Sulfasalazine,OC(=O)c1cc(ccc1O)N=Nc2ccc(cc2)S(=O)(=O)Nc3ccccn3,1
Megestrol,CC(=O)[C@@]1(O)CC[C@H]2[C@@H]3C=C(C)C4=CC(=O)CC[C@]4(C)[C@H]3CC[C@]12C,1
Carglumic acid,NC(=O)N[C@@H](CCC(=O)O)C(=O)O,1
Amoxicillin,CC1(C)S[C@@H]2[C@H](NC(=O)[C@H](N)c3ccc(O)cc3)C(=O)N2[C@H]1C(=O)O,1
Terbutaline,CC(C)(C)NC[C@H](O)c1cc(O)cc(O)c1,1
Eflornithine,NCCC[C@](N)(C(F)F)C(=O)O,1
Feprazone,CC(=CCC1C(=O)N(N(C1=O)c2ccccc2)c3ccccc3)C,1
Trimethoprim,COc1cc(Cc2cnc(N)nc2N)cc(OC)c1OC,1
Propoxyphene,CCC(=O)O[C@@](Cc1ccccc1)([C@H](C)CN(C)C)c2ccccc2,1
Alendronate,NCCCC(O)(P(=O)(O)O)P(=O)(O)O,1
Dichlorphenamide,NS(=O)(=O)c1cc(Cl)c(Cl)c(c1)S(=O)(=O)N,1
Neostigmine,CN(C)C(=O)Oc1cccc(c1)[N+](C)(C)C,1
Bupropion,C[C@H](NC(C)(C)C)C(=O)c1cccc(Cl)c1,1
Amantadine,NC12C[C@@H]3C[C@@H](C[C@@H](C3)C1)C2,1
Morphine,CN1CC[C@]23[C@H]4Oc5c(O)ccc(C[C@@H]1[C@@H]2C=C[C@@H]4O)c35,1
Chlorothiazide,NS(=O)(=O)c1cc2c(cc1Cl)N=CNS2(=O)=O,1
Pentazocine,C[C@H]1[C@H]2Cc3ccc(O)cc3[C@]1(C)CCN2CC=C(C)C,1
Hydrocodone,COc1ccc2C[C@@H]3[C@@H]4CCC(=O)[C@@H]5Oc1c2[C@]45CCN3C,1
Cyclopentolate,CN(C)CCOC(=O)[C@H](c1ccccc1)C2(O)CCCC2,1
Salsalate,OC(=O)c1ccccc1OC(=O)c2ccccc2O,1
Melphalan,N[C@@H](Cc1ccc(cc1)N(CCCl)CCCl)C(=O)O,1
Dopamine,NCCc1ccc(O)c(O)c1,1
Pyrilamine,COc1ccc(CN(CCN(C)C)c2ccccn2)cc1,1
Scopolamine,CN1[C@@H]2C[C@H](C[C@H]1[C@@H]3O[C@H]23)OC(=O)[C@H](CO)c4ccccc4,1
Chlophedianol,CN(C)CC[C@@](O)(c1ccccc1)c2ccccc2Cl,1
Dacarbazine,CN(C)N=Nc1[nH]cnc1C(=O)N,1
Bendroflumethiazide,NS(=O)(=O)c1cc2c(N[C@@H](Cc3ccccc3)NS2(=O)=O)cc1C(F)(F)F,1
Cycloserine,N[C@@H]1CONC1=O,1
Gabapentin,NCC1(CC(=O)O)CCCCC1,1
Doxylamine,CN(C)CCO[C@](C)(c1ccccc1)c2ccccn2,1
Carmustine,ClCCNC(=O)N(CCCl)N=O,1
Nicotine,CN1CCC[C@H]1c2cccnc2,1
Gentian violet,CN(C)c1ccc(cc1)C(=C2C=CC(=[N+](C)C)C=C2)c3ccc(cc3)N(C)C,1
Levodopa,N[C@@H](Cc1ccc(O)c(O)c1)C(=O)O,1
Pentamidine,NC(=N)c1ccc(OCCCCCOc2ccc(cc2)C(=N)N)cc1,1
Exemestane,C[C@]12CC[C@H]3[C@@H](CC(=C)C4=CC(=O)C=C[C@]34C)[C@@H]1CCC2=O,1
Fosphenytoin,OP(=O)(O)OCN1C(=O)NC(C1=O)(c2ccccc2)c3ccccc3,1
Pheniramine,CN(C)CC[C@H](c1ccccc1)c2ccccn2,1
Pamidronate,NCCC(O)(P(=O)(O)O)P(=O)(O)O,1
Methyclothiazide,CN1[C@@H](CCl)Nc2cc(Cl)c(cc2S1(=O)=O)S(=O)(=O)N,1
Sodium phenylbutyrate,[O-]C(=O)CCCc1ccccc1,1
Levamisole,C1CN2C[C@@H](N=C2S1)c3ccccc3,1
Trifluoperazine,CN1CCN(CCCN2c3ccccc3Sc4ccc(cc24)C(F)(F)F)CC1,1
Misonidazole,COC[C@H](O)Cn1ccnc1[N+](=O)[O-],1
Alclofenac,OC(=O)Cc1ccc(OCC=C)c(Cl)c1,1
Fluoxymesterone,C[C@]1(O)CC[C@H]2[C@@H]3CCC4=CC(=O)CC[C@]4(C)[C@@]3(F)[C@@H](O)C[C@]12C,1
Crotamiton,CCN(C(=O)\C=C\C)c1ccccc1C,1
Ethotoin,CCN1C(=O)N[C@@H](C1=O)c2ccccc2,1
Levetiracetam,CC[C@H](N1CCCC1=O)C(=O)N,1
Felbamate,NC(=O)OCC(COC(=O)N)c1ccccc1,1
Hydralazine,NNc1nncc2ccccc12,1
Succimer,OC(=O)[C@H](S)[C@H](S)C(=O)O,1
Acetylcysteine,CC(=O)N[C@@H](CS)C(=O)O,1
Disopyramide,CC(C)N(CC[C@](C(=O)N)(c1ccccc1)c2ccccn2)C(C)C,1
Ozolinone,CN1C(=O)[C@@H](S/C/1=C/C(=O)O)N2CCCCC2,1
Guanabenz,NC(=N)N\N=C\c1c(Cl)cccc1Cl,1
Penicillamine,CC(C)(S)[C@@H](N)C(=O)O,1
Cyclizine,CN1CCN(CC1)C(c2ccccc2)c3ccccc3,1
Milnacipran,CCN(CC)C(=O)[C@@]1(C[C@@H]1CN)c2ccccc2,1
Piperazine,C1CNCCN1,1
Tapentadol,CC[C@H]([C@@H](C)CN(C)C)c1cccc(O)c1,1
Meprobamate,CCCC(C)(COC(=O)N)COC(=O)N,1
Aminocaproic acid,NCCCCCC(=O)O,1
Dantrolene,[O-][N+](=O)c1ccc(cc1)c2oc(\C=N\N3CC(=O)NC3=O)cc2,1
Norepinephrine,NC[C@H](O)c1ccc(O)c(O)c1,1
Tirapazamine,Nc1n[n+]([O-])c2ccccc2[n+]1[O-],1
Thimerosal,[O-]C(=O)c1ccccc1[S-],1
Fomepizole,Cc1cn[nH]c1,1
Hexamine,C1N2CN3CN(CN1C3)C2,1
Altretamine,CN(C)c1nc(nc(n1)N(C)C)N(C)C,1
Risedronate,OC(Cc1cccnc1)(P(=O)(O)O)P(=O)(O)O,1
Azelaic acid,OC(=O)CCCCCCCC(=O)O,1
Methapyrilene,CN(C)CCN(Cc1cccs1)c2ccccn2,1
Bismuth subsalicylate,[O-]C(=O)c1ccccc1[O-],1
Zuclopenthixol,OCCN1CCN(CC\C=C/2\c3ccccc3Sc4ccc(Cl)cc24)CC1,1
Propofol,CC(C)c1cccc(C(C)C)c1O,1
Tranylcypromine,N[C@H]1C[C@@H]1c2ccccc2,1
Chlorzoxazone,Clc1ccc2OC(=O)Nc2c1,1
Carbamazepine,NC(=O)N1c2ccccc2C=Cc3ccccc13,1
Oxaliplatin,N[C@@H]1CCCC[C@H]1N,1
Sotalol,CC(C)NC[C@H](O)c1ccc(NS(=O)(=O)C)cc1,1
Orphenadrine,CN(C)CCO[C@H](c1ccccc1)c2ccccc2C,1
Glycerin,OCC(O)CO,1
Epinephrine,CNC[C@H](O)c1ccc(O)c(O)c1,1
Perflutren,FC(F)(F)C(F)(F)C(F)(F)F,1
Lomustine,ClCCN(N=O)C(=O)NC1CCCCC1,1
Pentoxifylline,CN1C(=O)N(CCCCC(=O)C)C(=O)c2c1ncn2C,1
Theophylline,CN1C(=O)N(C)c2nc[nH]c2C1=O,1
Tripelennamine,CN(C)CCN(Cc1ccccc1)c2ccccn2,1
Metoclopramide,CCN(CC)CCNC(=O)c1cc(Cl)c(N)cc1O,1
Vigabatrin,N[C@@H](CCC(=O)O)C=C,1
Benztropine,C1C[C@H]2C[C@H](C[C@@H]1N2)OC(c3ccccc3)c4ccccc4,1
Propylthiouracil,CCCC1=CC(=O)NC(=S)N1,1
Mesalazine,Nc1ccc(O)c(c1)C(=O)O,1
Tiotropium,C[N+]1(C)[C@@H]2C[C@@H](C[C@H]1[C@H]3O[C@@H]23)OC(=O)C(O)(c4cccs4)c5cccs5,1
Carboplatin,[O-]C(=O)C1(CCC1)C(=O)[O-],1
Valproate,CCCC(CCC)C(=O)O,1
Pyridostigmine,CN(C)C(=O)Oc1ccc[n+](C)c1,1
Fosfomycin,C[C@@H]1O[C@@H]1P(=O)(O)O,1
Mephentermine,CNC(C)(C)Cc1ccccc1,1
Methdilazine,CN1CC[C@H](CN2c3ccccc3Sc4ccccc24)C1,1
Lindane,Cl[C@@H]1[C@@H](Cl)[C@@H](Cl)[C@H](Cl)[C@@H](Cl)[C@H]1Cl,1
Nitroglycerin,[O-][N+](=O)OCC(CO[N+](=O)[O-])O[N+](=O)[O-],1
Codeine,COc1ccc2C[C@@H]3[C@@H]4C=C[C@H](O)[C@@H]5Oc1c2[C@]45CCN3C,1
Metformin,CN(C)C(=N)NC(=N)N,1
Methimazole,CN1C=CNC1=S,1
Ethionamide,CCc1cc(ccn1)C(=S)N,1
Sodium oxybate,OCCCC(=O)[O-],1
Phenelzine,NNCCc1ccccc1,1
Diphenidol,OC(CCCN1CCCCC1)(c2ccccc2)c3ccccc3,1
Diphenylhydantoin,O=C1NC(=O)C(N1)(c2ccccc2)c3ccccc3,1
Antipyrine,CN1N(C(=O)C=C1C)c2ccccc2,1
Sulfadoxine,COc1ncnc(NS(=O)(=O)c2ccc(N)cc2)c1OC,1
Probenecid,CCCN(CCC)S(=O)(=O)c1ccc(cc1)C(=O)O,1
Acamprosate,CC(=O)NCCCS(=O)(=O)O,1
Chlorphenoxamine,CN(C)CCO[C@](C)(c1ccccc1)c2ccc(Cl)cc2,1
Trimeprazine,C[C@H](CN(C)C)CN1c2ccccc2Sc3ccccc13,1
Prochlorperazine,CN1CCN(CCCN2c3ccccc3Sc4ccc(Cl)cc24)CC1,1
Trolamine,OCCN(CCO)CCO,1
Levocarnitine,C[N+](C)(C)C[C@H](O)CC(=O)[O-],1
Pentobarbital,CCC[C@H](C)C1(CC)C(=O)NC(=O)NC1=O,1
Pyridoxine,Cc1ncc(CO)c(CO)c1O,1
Busulfan,CS(=O)(=O)OCCCCOS(=O)(=O)C,1
Aspirin,CC(=O)Oc1ccccc1C(=O)O,1
Foscarnet,OC(=O)P(=O)(O)O,1
Ticarcillin,CC1(C)S[C@@H]2[C@H](NC(=O)[C@H](C(=O)O)c3ccsc3)C(=O)N2[C@H]1C(=O)O,1
Salicylic acid,OC(=O)c1ccccc1O,1
Selegiline,C[C@H](Cc1ccccc1)N(C)CC#C,1
Guanidine,NC(=N)N,1
Medroxyprogesterone,C[C@H]1C[C@@H]2[C@H](CC[C@@]3(C)[C@H]2CC[C@]3(O)C(=O)C)[C@@]4(C)CCC(=O)C=C14,1
Ethosuximide,CC[C@@]1(C)CC(=O)NC1=O,1
Zimeldine,CN(C)C\C=C(\c1ccc(Br)cc1)/c2cccnc2,1
Atropine,CN1[C@@H]2CC[C@H]1C[C@H](C2)OC(=O)[C@H](CO)c3ccccc3,1
Norethindrone,C[C@]12CC[C@H]3[C@@H](CCC4=CC(=O)CC[C@H]34)[C@@H]1CC[C@@]2(O)C#C,1
Magnesium salicylate,Oc1ccccc1C(=O)[O-],1
Tolazamide,Cc1ccc(cc1)S(=O)(=O)NC(=O)NN2CCCCCC2,1
Tinidazole,CCS(=O)(=O)CCn1c(C)ncc1[N+](=O)[O-],1
Propylene glycol,C[C@H](O)CO,1
Iodoquinol,Oc1c(I)cc(I)c2cccnc12,1
Phenylpropanolamine,C[C@@H](N)[C@@H](O)c1ccccc1,1
Dyclonine,CCCCOc1ccc(cc1)C(=O)CCN2CCCCC2,1
Butabarbital,CC[C@H](C)C1(CC)C(=O)NC(=O)NC1=O,1
Methyl salicylate,COC(=O)c1ccccc1O,1
Acetic acid,CC(=O)O,1
Lidocaine,CCN(CC)CC(=O)Nc1c(C)cccc1C,1
Dextroamphetamine,C[C@H](N)Cc1ccccc1,1
Triethanolamine,CCCO,1
Primidone,CCC1(C(=O)NCNC1=O)c2ccccc2,1
Phentermine,CC(C)(N)Cc1ccccc1,1
Sulfisoxazole,Cc1noc(NS(=O)(=O)c2ccc(N)cc2)c1C,1
Acetazolamide,CC(=O)Nc1nnc(s1)S(=O)(=O)N,1
Pseudoephedrine,CN[C@@H](C)[C@@H](O)c1ccccc1,1
Ephedrine,CN[C@H](C)[C@H](O)c1ccccc1,1
Sodium phenylacetate,[O-]C(=O)Cc1ccccc1,1
Amobarbital,CCC1(CCC(C)C)C(=O)NC(=O)NC1=O,1
Ethopropazine,CCN(CC)[C@H](C)CN1c2ccccc2Sc3ccccc13,1
Phenylephrine,CNC[C@H](O)c1cccc(O)c1,1
Thiotepa,S=P(N1CC1)(N2CC2)N3CC3,1
Methsuximide,CN1C(=O)C[C@](C)(C1=O)c2ccccc2,1
Hydroxyurea,NC(=O)NO,1
Diphenhydramine,CN(C)CCOC(c1ccccc1)c2ccccc2,1
Phenylbutazone,CCCCC1C(=O)N(N(C1=O)c2ccccc2)c3ccccc3,1
Dexfenfluramine,CCN[C@@H](C)Cc1cccc(c1)C(F)(F)F,1
Nitazoxanide,CC(=O)Oc1ccccc1C(=O)Nc2ncc(s2)[N+](=O)[O-],1
Mustine,CN(CCCl)CCCl,1
Chloramphenicol,OC[C@@H](NC(=O)C(Cl)Cl)[C@H](O)c1ccc(cc1)[N+](=O)[O-],1
Carbromal,CCC(Br)(CC)C(=O)NC(=O)N,1
Isoproterenol,CC(C)NC[C@H](O)c1ccc(O)c(O)c1,1
Benzonatate,CCCCNc1ccc(C=O)cc1,1
Procainamide,CCN(CC)CCNC(=O)c1ccc(N)cc1,1
Chloral hydrate,OC(O)C(Cl)(Cl)Cl,1
Benorilate,CC(=O)Nc1ccc(OC(=O)c2ccccc2OC(=O)C)cc1,1
Dicyclomine,CCN(CC)CCOC(=O)C1(CCCCC1)C2CCCCC2,1
Sulfamethoxazole,Cc1onc(NS(=O)(=O)c2ccc(N)cc2)c1,1
Aminosalicylic acid,Nc1ccc(C(=O)O)c(O)c1,1
Disulfiram,CCN(CC)C(=S)SSC(=S)N(CC)CC,1
Bromodiphenhydramine,CN(C)CCO[C@H](c1ccccc1)c2ccc(Br)cc2,1
Nafcillin,CCOc1ccc2ccccc2c1C(=O)N[C@H]3[C@H]4SC(C)(C)[C@@H](N4C3=O)C(=O)O,1
Homatropine,CN1[C@@H]2CC[C@H]1C[C@H](C2)OC(=O)[C@H](O)c3ccccc3,1
Succinylcholine,C[N+](C)(C)CCOC(=O)CCC(=O)OCC[N+](C)(C)C,1
Dalfampridine,Nc1ccncc1,1
Pemoline,NC1=NC(=O)[C@H](O1)c2ccccc2,1
Bretylium,CC[N+](C)(C)Cc1ccccc1Br,1
Aminopyrine,CN(C)C1=C(C)N(C)N(C1=O)c2ccccc2,1
Tetracaine,CCCCNc1ccc(cc1)C(=O)OCCN(C)C,1
Metronidazole,Cc1ncc([N+](=O)[O-])n1CCO,1
Phenobarbital,CCC1(C(=O)NC(=O)NC1=O)c2ccccc2,1
Dextromethorphan,COc1ccc2C[C@H]3[C@H]4CCCC[C@@]4(CCN3C)c2c1,1
Bethanechol,C[C@H](C[N+](C)(C)C)OC(=O)N,1
Niacin,OC(=O)c1cccnc1,1
Chlorpromazine,CN(C)CCCN1c2ccccc2Sc3ccc(Cl)cc13,1
Tolbutamide,CCCCNC(=O)NS(=O)(=O)c1ccc(C)cc1,1
Aminoglutethimide,CC[C@]1(CCC(=O)NC1=O)c2ccc(N)cc2,1
Mephobarbital,CC[C@]1(C(=O)NC(=O)N(C)C1=O)c2ccccc2,1
Isoniazid,NNC(=O)c1ccncc1,1
Trichlormethiazide,NS(=O)(=O)c1cc2c(N[C@H](NS2(=O)=O)C(Cl)Cl)cc1Cl,1
Fenbufen,OC(=O)CCC(=O)c1ccc(cc1)c2ccccc2,1
Ipratropium,CC(C)[N@@+]1(C)[C@@H]2CC[C@H]1C[C@H](C2)OC(=O)[C@H](CO)c3ccccc3,1
Sulfanilamide,Nc1ccc(cc1)S(=O)(=O)N,1
Hydrocortisone,C[C@]12CCC(=O)C=C1CC[C@H]3[C@@H]4CC[C@](O)(C(=O)CO)[C@@]4(C)C[C@H](O)[C@H]23,1
Fluphenazine,OCCN1CCN(CCCN2c3ccccc3Sc4ccc(cc24)C(F)(F)F)CC1,1
Oxybutynin,CCN(CC)CC#CCOC(=O)[C@](O)(C1CCCCC1)c2ccccc2,1
Secobarbital,CCC[C@H](C)C1(CC=C)C(=O)NC(=O)NC1=O,1
Promethazine,C[C@H](CN1c2ccccc2Sc3ccccc13)N(C)C,1
Butalbital,CC(C)CC1(CC=C)C(=O)NC(=O)NC1=O,1
Chloroprocaine,CCN(CC)CCOC(=O)c1ccc(N)cc1Cl,1
Sulfamethizole,Cc1nnc(NS(=O)(=O)c2ccc(N)cc2)s1,1
Testosterone,C[C@]12CC[C@H]3[C@@H](CCC4=CC(=O)CC[C@]34C)[C@@H]1CC[C@@H]2O,1
Sulfadiazine,Nc1ccc(cc1)S(=O)(=O)Nc2ncccn2,1
Dapsone,Nc1ccc(cc1)S(=O)(=O)c2ccc(N)cc2,1
Carbachol,C[N+](C)(C)CCOC(=O)N,1
Warfarin,CC(=O)C[C@H](C1=C(O)c2ccccc2OC1=O)c3ccccc3,1
Perphenazine,OCCN1CCN(CCCN2c3ccccc3Sc4ccc(Cl)cc24)CC1,1
Sulfacetamide,CC(=O)NS(=O)(=O)c1ccc(N)cc1,1
Paracetamol,CC(=O)Nc1ccc(O)cc1,1
Sulfamethazine,Cc1cc(C)nc(NS(=O)(=O)c2ccc(N)cc2)n1,1
Caffeine,CN1C(=O)N(C)c2ncn(C)c2C1=O,1
Methadone,CCC(=O)C(C[C@H](C)N(C)C)(c1ccccc1)c2ccccc2,1
Benzocaine,CCOC(=O)c1ccc(N)cc1,1
Progesterone,CC(=O)[C@H]1CC[C@H]2[C@@H]3CCC4=CC(=O)CC[C@]4(C)[C@H]3CC[C@]12C,1
Trospium,OC(C(=O)O[C@H]1C[C@H]2CC[C@@H](C1)[N+]23CCCC3)(c4ccccc4)c5ccccc5,1
Diphenoxylate,CCOC(=O)C1(CCN(CCC(C#N)(c2ccccc2)c3ccccc3)CC1)c4ccccc4,1
Prednisolone,C[C@]12C[C@H](O)[C@H]3[C@@H](CCC4=CC(=O)C=C[C@]34C)[C@@H]1CC[C@]2(O)C(=O)CO,1
Meperidine,CCOC(=O)C1(CCN(C)CC1)c2ccccc2,1
Procaine,CCN(CC)CCOC(=O)c1ccc(N)cc1,1
Methyltestosterone,C[C@]1(O)CC[C@H]2[C@@H]3CCC4=CC(=O)CC[C@]4(C)[C@H]3CC[C@]12C,1
Haloperidol,OC1(CCN(CCCC(=O)c2ccc(F)cc2)CC1)c3ccc(Cl)cc3,1
Nitrofurantoin,[O-][N+](=O)c1oc(\C=N\N2CC(=O)NC2=O)cc1,1
Cephalexin,O.CC1=C(N2[C@H](SC1)[C@H](NC(=O)[C@H](N)c3ccccc3)C2=O)C(O)=O,1
Estradiol,C[C@]12CC[C@H]3[C@@H](CCc4cc(O)ccc34)[C@@H]1CC[C@@H]2O,1
Isotretinoin,CC1=C(\C=C\C(C)=C\C=C\C(C)=C/C(O)=O)C(C)(C)CCC1,1
Nabumetone,COc1ccc2cc(CCC(C)=O)ccc2c1,1
Nimodipine,COCCOC(=O)C1=C(C)NC(=C(C1c2cccc(c2)[N+]([O-])=O)C(=O)OC(C)C)C,1
Cidofovir,O.O.NC1=NC(=O)N(C[C@@H](CO)OC[P](O)(O)=O)C=C1,1
Mesoridazine,CN1CCCCC1CCN2c3ccccc3Sc4ccc(cc24)[S](C)=O,1
Ketoprofen,CC(C(O)=O)c1cccc(c1)C(=O)c2ccccc2,1
Rifaximin,CO[C@H]1/C=C/O[C@@]2(C)Oc3c(C)c(O)c4c(O)c(NC(=O)C(=C\C=C\[C@H](C)[C@H](O)[C@@H](C)[C@@H](O)[C@@H](C)[C@H](OC(C)=O)[C@@H]1C)/C)c5n6ccc(C)cc6nc5c4c3C2=O,1
Vidarabine,Nc1ncnc2n(cnc12)C3OC(CO)C(O)C3O,1
Thalidomide,O=C1CCC(N2C(=O)c3ccccc3C2=O)C(=O)N1,1
Flurbiprofen,CC(C(O)=O)c1ccc(c(F)c1)c2ccccc2,1
Zalcitabine,NC1=NC(=O)N(C=C1)[C@H]2CC[C@@H](CO)O2,1
Mupirocin,C[C@H](O)[C@H](C)[C@@H]1O[C@H]1C[C@H]2CO[C@@H](C\C(C)=C\C(=O)OCCCCCCCCC(O)=O)[C@H](O)[C@@H]2O,1
Dimenhydrinate,CN(C)CCOC(c1ccccc1)c2ccccc2.CN3C(=O)N(C)c4nc(Cl)[nH]c4C3=O,1
Ceftriaxone,CO/N=C(C(=O)N[C@H]1[C@H]2SCC(=C(N2C1=O)C(O)=O)CSC3=NC(=O)C(=O)NN3C)/c4csc(N)n4,1
Verteporfin,COC(=O)CCc1c(C)c2[nH]c1cc3nc(cc4[nH]c(cc5nc(c2)[C@]6(C)[C@H](C(=O)OC)C(=CC=C56)C(=O)OC)c(C)c4C=C)c(C)c3CCC(O)=O.COC(=O)CCc7c(C)c8cc9[nH]c(cc%10nc(cc%11[nH]c(cc7n8)c(CCC(O)=O)c%11C)[C@]%12(C)[C@H](C(=O)OC)C(=CC=C%10%12)C(=O)OC)c(C)c9C=C,1
Montelukast,CC(C)(O)c1ccccc1CC[C@@H](SCC2(CC2)CC(O)=O)c3cccc(\C=C\c4ccc5ccc(Cl)cc5n4)c3,1
Methyldopa,COC(=O)[C@@H](N)Cc1ccc(O)c(O)c1,1
Ganciclovir,NC1=NC(=O)c2ncn(COC(CO)CO)c2N1,1
Goserelin,CC(C)CC(NC(=O)C(COC(C)(C)C)NC(=O)C(Cc1ccc(O)cc1)NC(=O)C(CO)NC(=O)C(Cc2c[nH]c3ccccc23)NC(=O)C(Cc4[nH]cnc4)NC(=O)C5CCC(=O)N5)C(=O)NC(CCCN=C(N)N)C(=O)N6CCCC6C(=O)NNC(N)=O,1
Meloxicam,CN1C(=C(/O)Nc2sc(C)cn2)/C(=O)c3ccccc3[S]1(=O)=O,1
Paliperidone,CC1=C(CCN2CCC(CC2)c3noc4cc(F)ccc34)C(=O)N5CCCC(O)C5=N1,1
Ticlopidine,[H+].[Cl-].Clc1ccccc1CN2CCc3sccc3C2,1
Telithromycin,CC[C@H]1OC(=O)[C@@H](C)C(=O)[C@H](C)[C@@H](O[C@@H]2O[C@H](C)C[C@@H]([C@H]2O)N(C)C)[C@@](C)(C[C@@H](C)C(=O)[C@H](C)[C@H]3N(CCCCn4cnc(c4)c5cccnc5)C(=O)O[C@]13C)OC,1
Roxithromycin,CC[C@H]1OC(=O)[C@H](C)[C@@H](O[C@H]2C[C@@](C)(OC)[C@@H](O)[C@H](C)O2)[C@H](C)[C@@H](O[C@@H]3O[C@H](C)C[C@@H]([C@H]3O)N(C)C)[C@](C)(O)C[C@@H](C)\C(=N\OCOCCOC)[C@H](C)[C@@H](O)[C@]1(C)O,1
Azithromycin,CC[C@H]1OC(=O)[C@H](C)[C@@H](O[C@H]2C[C@@](C)(OC)[C@@H](O)[C@H](C)O2)C(C)[C@@H](O[C@@H]3O[C@H](C)C[C@@H]([C@H]3O)N(C)C)[C@](C)(O)C[C@@H](C)CN(C)[C@H](C)[C@@H](O)[C@]1(C)O,1
Tacrolimus,CO[C@@H]1C[C@@H](CC[C@H]1O)/C=C(C)/[C@H]2OC(=O)[C@@H]3CCCCN3C(=O)C(=O)[C@]4(O)O[C@H]([C@H](C[C@@H](C)CC(=C/[C@@H](CC=C)C(=O)C[C@H](O)[C@H]2C)/C)OC)[C@H](C[C@H]4C)OC,1
Ritonavir,CC(C)[C@H](NC(=O)N(C)Cc1csc(n1)C(C)C)C(=O)N[C@H](C[C@H](O)[C@H](Cc2ccccc2)NC(=O)OCc3scnc3)Cc4ccccc4,1
Pilocarpine,CC[C@H]1[C@H](COC1=O)Cc2cncn2C,1
Rescinnamine,CO[C@H]1[C@@H](C[C@@H]2CN3CCc4c([nH]c5cc(OC)ccc45)[C@H]3C[C@@H]2[C@@H]1C(=O)OC)OC(=O)\C=C\c6cc(OC)c(OC)c(OC)c6,1
Palonosetron,O=C1N(C[C@@H]2CCCc3cccc1c23)[C@@H]4CN5CCC4CC5,1
Irbesartan,CCCCC1=NC2(CCCC2)C(=O)N1Cc3ccc(cc3)c4ccccc4c5n[nH]nn5,1
Itraconazole,CCC(C)N1N=CN(C1=O)c2ccc(cc2)N3CCN(CC3)c4ccc(OC[C@H]5CO[C@@](Cn6cncn6)(O5)c7ccc(Cl)cc7Cl)cc4,1
Framycetin,NC[C@H]1O[C@H](O[C@@H]2[C@@H](N)C[C@@H](N)[C@H](O)[C@H]2O[C@@H]3O[C@H](CO)[C@@H](O[C@H]4O[C@@H](CN)[C@@H](O)[C@H](O)[C@H]4N)[C@H]3O)[C@H](N)[C@@H](O)[C@@H]1O,1
Duloxetine,CNCCC(Oc1cccc2ccccc12)c3sccc3,1
Amikacin,NCC[C@H](O)C(=O)N[C@@H]1C[C@H](N)[C@@H](O[C@H]2O[C@H](CN)[C@@H](O)[C@H](O)[C@H]2O)[C@H](O)[C@H]1O[C@H]3O[C@H](CO)[C@@H](O)[C@H](N)[C@H]3O,1
Modafinil,NC(=O)C[S](=O)C(c1ccccc1)c2ccccc2,1
Moxifloxacin,COc1c(N2C[C@@H]3CCCN[C@@H]3C2)c(F)cc4C(=O)C(=CN(C5CC5)c14)C(O)=O,1
Fludarabine,Nc1nc(F)nc2n(cnc12)[C@@H]3O[C@H](CO)[C@@H](O)[C@@H]3O,1
Digoxin,C[C@H]1O[C@H](C[C@H](O)[C@@H]1O)O[C@H]2[C@@H](O)C[C@@H](O[C@@H]2C)O[C@H]3[C@@H](O)C[C@@H](O[C@@H]3C)O[C@H]4CC[C@@]5(C)[C@H](CC[C@@H]6[C@@H]5C[C@@H](O)[C@]7(C)[C@H](CC[C@]67O)C8=CC(=O)OC8)C4,1
Atorvastatin,CC(C)c1n(CC[C@@H](O)C[C@@H](O)CC(O)=O)c(c2ccc(F)cc2)c(c3ccccc3)c1C(=O)Nc4ccccc4,1
Nevirapine,Cc1ccnc2N(C3CC3)c4ncccc4C(=O)Nc12,1
Oxaprozin,OC(=O)CCc1oc(c2ccccc2)c(n1)c3ccccc3,1
Sorafenib,CNC(=O)c1cc(Oc2ccc(NC(=O)Nc3ccc(Cl)c(c3)C(F)(F)F)cc2)ccn1,1
Varenicline,C1NC[C@H]2C[C@@H]1c3cc4nccnc4cc23,1
Ciclesonide,CC(C)C(=O)OCC(=O)[C@@]12O[C@@H](O[C@@H]1C[C@H]3[C@@H]4CCC5=CC(=O)C=C[C@]5(C)[C@H]4[C@@H](O)C[C@]23C)C6CCCCC6,1
Bisoprolol,CC(C)NCC(O)COc1ccc(COCCOC(C)C)cc1,1
Tiludronate,[Na+].[Na+].O[P]([O-])(=O)C(Sc1ccc(Cl)cc1)[P](O)([O-])=O,1
Saquinavir,CC(C)(C)NC(=O)[C@@H]1C[C@@H]2CCCC[C@@H]2CN1C[C@@H](O)[C@H](Cc3ccccc3)NC(=O)[C@H](CC(N)=O)NC(=O)c4ccc5ccccc5n4,1
Ergotamine,CN1C[C@@H](C=C2[C@H]1Cc3c[nH]c4cccc2c34)C(=O)N[C@]5(C)O[C@@]6(O)[C@@H]7CCCN7C(=O)[C@H](Cc8ccccc8)N6C5=O,1
Lansoprazole,Cc1c(C[S](=O)c2[nH]c3ccccc3n2)nccc1OCC(F)(F)F,1
Floxuridine,OC[C@H]1O[C@H](C[C@@H]1O)N2C=C(F)C(=O)NC2=O,1
Lubiprostone,CCCCC(F)(F)[C@@]1(O)CC[C@H]2[C@@H](CC(=O)[C@H]2CCCCCCC(O)=O)O1,1
Colestipol,NCCNCCNCCNCCN.ClCC1CO1,1
Octreotide,CC(O)C(CO)NC(=O)C1CSSCC(NC(=O)C(N)Cc2ccccc2)C(=O)NC(Cc3ccccc3)C(=O)NC(Cc4c[nH]c5ccccc45)C(=O)NC(CCCCN)C(=O)NC(C(C)O)C(=O)N1,1
Voriconazole,C[C@@H](c1ncncc1F)[C@](O)(Cn2cncn2)c3ccc(F)cc3F,1
Capreomycin,C[C@@H]1NC(=O)[C@@H](N)CNC(=O)[C@@H](NC(=O)\C(NC(=O)[C@H](CNC(=O)C[C@@H](N)CCCN)NC1=O)=C/NC(N)=O)[C@H]2CCN=C(N)N2.NCCC[C@H](N)CC(=O)NC[C@@H]3NC(=O)[C@H](CO)NC(=O)[C@@H](N)CNC(=O)[C@@H](NC(=O)\C(NC3=O)=C/NC(N)=O)[C@H]4CCN=C(N)N4,1
Nafarelin,CC(C)CC(NC(=O)C(Cc1ccc2ccccc2c1)NC(=O)C(Cc3ccc(O)cc3)NC(=O)C(CO)NC(=O)C(Cc4c[nH]c5ccccc45)NC(=O)C(Cc6c[nH]cn6)NC(=O)C7CCC(=O)N7)C(=O)NC(CCCNC(N)=N)C(=O)N8CCCC8C(=O)NCC(N)=O,1
Cetirizine,OC(=O)COCCN1CCN(CC1)C(c2ccccc2)c3ccc(Cl)cc3,1
Vincristine,CC[C@]1(O)C[C@H]2CN(CCc3c([nH]c4ccccc34)[C@@](C2)(C(=O)OC)c5cc6c(cc5OC)N(C=O)[C@H]7[C@](O)([C@H](OC(C)=O)[C@]8(CC)C=CCN9CC[C@]67[C@H]89)C(=O)OC)C1,1
Darunavir,CC(C)CN(C[C@@H](O)[C@H](Cc1ccccc1)NC(=O)O[C@H]2CO[C@H]3OCC[C@@H]23)[S](=O)(=O)c4ccc(N)cc4,1
Erythromycin,CC[C@H]1OC(=O)[C@H](C)[C@@H](O[C@H]2C[C@@](C)(OC)[C@@H](O)[C@H](C)O2)[C@H](C)[C@@H](O[C@@H]3O[C@H](C)C[C@@H]([C@H]3O)N(C)C)[C@](C)(O)C[C@@H](C)C(=O)[C@H](C)[C@@H](O)[C@]1(C)O,1
Quinine,COc1ccc2nccc([C@@H](O)[C@@H]3C[C@H]4CCN3C[C@@H]4C=C)c2c1,1
Vinblastine,CC[C@]1(O)C[C@H]2CN(CCc3c([nH]c4ccccc34)[C@@](C2)(C(=O)OC)c5cc6c(cc5OC)N(C)[C@H]7[C@](O)([C@H](OC(C)=O)[C@]8(CC)C=CCN9CC[C@]67[C@H]89)C(=O)OC)C1,1
Pimecrolimus,CC[C@@H]1/C=C(/C)C[C@H](C)C[C@H](OC)[C@H]2O[C@](O)([C@H](C)C[C@@H]2OC)C(=O)C(=O)N3CCCC[C@H]3C(=O)O[C@@H]([C@H](C)[C@@H](O)CC1=O)\C(C)=C\[C@@H]4CC[C@H](Cl)[C@@H](C4)OC,1
Citalopram,CN(C)CCCC1(OCc2cc(ccc12)C#N)c3ccc(F)cc3,1
Dextrothyroxine,N[C@H](Cc1cc(I)c(Oc2cc(I)c(O)c(I)c2)c(I)c1)C(O)=O,1
Dolasetron,O=C1CN2C3CC(CC2CC1C3)OC(=O)c4c[nH]c5ccccc45,1
Almotriptan,CN(C)CCc1c[nH]c2ccc(C[S](=O)(=O)N3CCCC3)cc12,1
Cefadroxil,CC1=C(N2[C@H](SC1)[C@H](NC(=O)[C@H](N)c3ccc(O)cc3)C2=O)C(O)=O,1
Triazolam,Cc1nnc2CN=C(c3ccccc3Cl)c4cc(Cl)ccc4n12,1
Mirtazapine,CN1CCN2C(C1)c3ccccc3Cc4cccnc24,1
Tizanidine,Clc1ccc2nsnc2c1NC3=NCCN3,1
Toremifene,CN(C)CCOc1ccc(cc1)\C(=C(\CCCl)c2ccccc2)c3ccccc3,1
Dirithromycin,CC[C@H]1OC(=O)[C@H](C)[C@@H](O[C@H]2C[C@@](C)(OC)[C@@H](O)[C@H](C)O2)[C@H](C)[C@@H](O[C@@H]3O[C@H](C)C[C@@H]([C@H]3O)N(C)C)[C@](C)(O)C[C@@H](C)[C@@H]4N[C@@H](COCCOC)O[C@H]([C@H]4C)[C@]1(C)O,1
Vinorelbine,CCC1=CC2CN(C1)Cc3c([nH]c4ccccc34)[C@@](C2)(C(=O)OC)c5cc6c(cc5OC)N(C)[C@H]7[C@](O)([C@H](OC(C)=O)[C@]8(CC)C=CCN9CC[C@]67[C@H]89)C(=O)OC.O[C@H]([C@@H](O)C(O)=O)C(O)=O.O[C@H]([C@@H](O)C(O)=O)C(O)=O,1
Naratriptan,CN[S](=O)(=O)CCc1ccc2[nH]cc(C3CCN(C)CC3)c2c1,1
Clarithromycin,CC[C@H]1OC(=O)[C@H](C)[C@@H](O[C@H]2C[C@@](C)(OC)[C@@H](O)[C@H](C)O2)[C@H](C)[C@@H](O[C@@H]3O[C@H](C)C[C@@H]([C@H]3O)N(C)C)[C@@](C)(C[C@@H](C)C(=O)[C@H](C)[C@@H](O)[C@]1(C)O)OC,1
Pentamidine isethionate,C1=CC(=CC=C1C(=N)N)OCCCCCOC2=CC=C(C=C2)C(=N)N.C(CS(=O)(=O)O)O.C(CS(=O)(=O)O)O,1
Propantheline bromide,CC(C)[N+](C)(CCOC(=O)C1C2=CC=CC=C2OC3=CC=CC=C13)C(C)C.[Br-],1
Chlortetracycline,CC1(C2CC3C(C(=O)C(=C(C3(C(=O)C2=C(C4=C(C=CC(=C41)Cl)O)O)O)O)C(=O)N)N(C)C)O,1
Guaiazulene,CC1=C2C=CC(=C2C=C(C=C1)C(C)C)C,1
Pomiferin,CC(=CCC1=C2C(=C3C(=C1O)C(=O)C(=CO3)C4=CC(=C(C=C4)O)O)C=CC(O2)(C)C)C,1
Rosolic acid,C1=CC(=O)C=CC1=C(C2=CC=C(C=C2)O)C3=CC=C(C=C3)O,1
Vincamine,CCC12CCCN3C1C4=C(CC3)C5=CC=CC=C5N4C(C2)(C(=O)OC)O,1
quercetin,C1=CC(=C(C=C1C2=C(C(=O)C3=C(C=C(C=C3O2)O)O)O)O)O,1
isorhamnetin,COC1=C(C=CC(=C1)C2=C(C(=O)C3=C(C=C(C=C3O2)O)O)O)O,1
Wedelolactone,COC1=CC(=C2C(=C1)OC(=O)C3=C2OC4=CC(=C(C=C43)O)O)O,1
Morin,C1=CC(=C(C=C1O)O)C2=C(C(=O)C3=C(C=C(C=C3O2)O)O)O,1
Taxifolin,C1=CC(=C(C=C1C2C(C(=O)C3=C(C=C(C=C3O2)O)O)O)O)O,1
Homobutein,COC1=C(C=CC(=C1)C=CC(=O)C2=C(C=C(C=C2)O)O)O,1
Sclerotiorin,CCC(C)C=C(C)C=CC1=CC2=C(C(=O)C(C(=O)C2=CO1)(C)OC(=O)C)Cl,1
nitrogen mustard,CN(CCCl)CCCl,1
amikacin,C1C(C(C(C(C1NC(=O)C(CCN)O)OC2C(C(C(C(O2)CO)O)N)O)O)OC3C(C(C(C(O3)CN)O)O)O)N,1
furosemide,C1=COC(=C1)CNC2=CC(=C(C=C2C(=O)O)S(=O)(=O)N)Cl,1
bumetanide,CCCCNC1=C(C(=CC(=C1)C(=O)O)S(=O)(=O)N)OC2=CC=CC=C2,1
mefloquine,C1CCNC(C1)C(C2=CC(=NC3=C2C=CC=C3C(F)(F)F)C(F)(F)F)O,1
Quinine Sulfate,COC1=CC2=C(C=CN=C2C=C1)C(C3CC4CCN3CC4C=C)O.OS(=O)(=O)O,1
Styrene,C=CC1=CC=CC=C1,1
toluene,CC1=CC=CC=C1,1
trichloroethylene,C(=C(Cl)Cl)Cl,1
Lead,[Pb],1
Copper sulfate,[O-]S(=O)(=O)[O-].[Cu+2],1
salicylate,C1=CC=C(C(=C1)C(=O)O)[O-],1
benzylpenicillin,CC1(C(N2C(S1)C(C2=O)NC(=O)CC3=CC=CC=C3)C(=O)O)C,1
deferoxamine,CC(=O)N(CCCCCNC(=O)CCC(=O)N(CCCCCNC(=O)CCC(=O)N(CCCCCN)O)O)O,1
exjade,C1=CC=C(C(=C1)C2=NN(C(=N2)C3=CC=CC=C3O)C4=CC=C(C=C4)C(=O)O)O,1
Vancomycin,CC1C(C(CC(O1)OC2C(C(C(OC2OC3=C4C=C5C=C3OC6=C(C=C(C=C6)C(C(C(=O)NC(C(=O)NC5C(=O)NC7C8=CC(=C(C=C8)O)C9=C(C=C(C=C9O)O)C(NC(=O)C(C(C1=CC(=C(O4)C=C1)Cl)O)NC7=O)C(=O)O)CC(=O)N)NC(=O)C(CC(C)C)NC)O)Cl)CO)O)O)(C)N)O,1
cadmium,[Cd],1
arsenic,[As],1
zinc,[Zn],1
vinblastine sulfate,CCC1(CC2CC(C3=C(CCN(C2)C1)C4=CC=CC=C4N3)(C5=C(C=C6C(=C5)C78CCN9C7C(C=CC9)(C(C(C8N6C)(C(=O)OC)O)OC(=O)C)CC)OC)C(=O)OC)O.OS(=O)(=O)O,1
Staurosporine,CC12C(C(CC(O1)N3C4=CC=CC=C4C5=C6C(=C7C8=CC=CC=C8N2C7=C53)CNC6=O)NC)OC,1
Poly-L-lysine,C(CCN)CC(C(=O)O)N,1
spermine,C(CCNCCCN)CNCCCN,1
Cyclosporine,CCC1C(=O)N(CC(=O)N(C(C(=O)NC(C(=O)N(C(C(=O)NC(C(=O)NC(C(=O)N(C(C(=O)N(C(C(=O)N(C(C(=O)N(C(C(=O)N1)C(C(C)CC=CC)O)C)C(C)C)C)CC(C)C)C)CC(C)C)C)C)C)CC(C)C)C)C(C)C)CC(C)C)C)C,1
Heroin,CC(=O)OC1C=CC2C3CC4=C5C2(C1OC5=C(C=C4)OC(=O)C)CCN3C,1
vindesine,CC[C@]1(O)C[C@H]2CN(CCc3c([nH]c4ccccc34)[C@@](C2)(C(=O)OC)c5cc6c(cc5OC)N(C)[C@H]7[C@](O)([C@H](O)[C@]8(CC)C=CCN9CC[C@]67[C@H]89)C(N)=O)C1,1
Isradipine,COC(=O)C1=C(C)NC(=C(C1c2cccc3nonc23)C(=O)OC(C)C)C,1
Remdesivir,CCC(CC)COC(=O)C(C)NP(=O)(OCC1C(C(C(O1)(C#N)C2=CC=C3N2N=CN=C3N)O)O)OC4=CC=CC=C4,1
2-Hyroxypropyl-beta-cyclodextrin,C(C1C2C(C(C(O1)OC3C(OC(C(C3O)O)OC4C(OC(C(C4O)O)OC5C(OC(C(C5O)O)OC6C(OC(C(C6O)O)OC7C(OC(O2)C(C7O)O)CO)CO)CO)CO)CO)O)O)O,1
"3,3'-iminodipropionitrile",N#CCCNCCC#N,1
chlorhexidine,NC(Nc1ccc(Cl)cc1)=NC(N)=NCCCCCCN=C(N)N=C(N)Nc2ccc(Cl)cc2,1
Clioquinol ,Oc1c(I)cc(Cl)c2cccnc12,1
