Name,Smile,Class,PUBCHEM_CIDs,Most_Relevant_SMILES,Match_MostRelevant,Matching_SMILES,Matching_CID,Matching_InChIKey
Alatrofloxacin,C[C@H](N)C(=O)N[C@@H](C)C(=O)N[C@H]1[C@@H]2CN(C[C@H]12)c3nc4N(C=C(C(=O)O)C(=O)c4cc3F)c5ccc(F)cc5F,1,"[3086677, 5282517]",C[C@@H](C(=O)N[C@@H](C)C(=O)NC1[C@H]2[C@@H]1CN(C2)C3=C(C=C4C(=O)C(=CN(C4=N3)C5=C(C=C(C=C5)F)F)C(=O)O)F)N,False,,,
Epirubicin,COc1cccc2C(=O)c3c(O)c4C[C@](O)(C[C@H](O[C@@H]5C[C@H](N)[C@@H](O)[C@H](C)O5)c4c(O)c3C(=O)c12)C(=O)CO,1,[41867],C[C@H]1[C@@H]([C@H](C[C@@H](O1)O[C@H]2C[C@@](CC3=C2C(=C4C(=C3O)C(=O)C5=C(C4=O)C(=CC=C5)OC)O)(C(=O)CO)O)N)O,False,,,
Tigecycline,CN(C)[C@H]1[C@@H]2C[C@@H]3Cc4c(cc(NC(=O)CNC(C)(C)C)c(O)c4C(=O)C3=C(O)[C@]2(O)C(=O)C(=C1O)C(=O)N)N(C)C,1,[54686904],CC(C)(C)NCC(=O)NC1=CC(=C2C[C@H]3C[C@H]4[C@@H](C(=O)C(=C([C@]4(C(=O)C3=C(C2=C1O)O)O)O)C(=O)N)N(C)C)N(C)C,False,,,
Olmesartan,CCCc1nc(c(C(=O)OCC2=C(C)OC(=O)O2)n1Cc3ccc(cc3)c4ccccc4c5nnn[nH]5)C(C)(C)O,1,[158781],CCCC1=NC(=C(N1CC2=CC=C(C=C2)C3=CC=CC=C3C4=NNN=N4)C(=O)O)C(C)(C)O,False,,,
Dihydrostreptomycin,CN[C@H]1[C@H](O)[C@@H](O)[C@H](CO)O[C@H]1O[C@H]2[C@H](O[C@@H]3[C@@H](O)[C@H](O)[C@@H](NC(=N)N)[C@H](O)[C@H]3NC(=N)N)O[C@@H](C)[C@]2(O)CO,1,[439369],C[C@H]1[C@@]([C@H]([C@@H](O1)O[C@@H]2[C@H]([C@@H]([C@H]([C@@H]([C@H]2O)O)N=C(N)N)O)N=C(N)N)O[C@H]3[C@H]([C@@H]([C@H]([C@@H](O3)CO)O)O)NC)(CO)O,False,,,
Streptomycin,CN[C@H]1[C@H](O)[C@@H](O)[C@H](CO)O[C@H]1O[C@H]2[C@H](O[C@H]3[C@H](O)[C@@H](O)[C@H](NC(=N)N)[C@@H](O)[C@@H]3NC(=N)N)O[C@@H](C)[C@]2(O)C=O,1,[19649],C[C@H]1[C@@]([C@H]([C@@H](O1)O[C@@H]2[C@H]([C@@H]([C@H]([C@@H]([C@H]2O)O)N=C(N)N)O)N=C(N)N)O[C@H]3[C@H]([C@@H]([C@H]([C@@H](O3)CO)O)O)NC)(C=O)O,False,,,
Trovafloxacin,N[C@@H]1[C@H]2CN(C[C@@H]12)c3nc4N(C=C(C(=O)O)C(=O)c4cc3F)c5ccc(F)cc5F,1,[62959],C1[C@@H]2[C@@H](C2N)CN1C3=C(C=C4C(=O)C(=CN(C4=N3)C5=C(C=C(C=C5)F)F)C(=O)O)F,False,,,
Novobiocin,CO[C@H]1[C@@H](OC(=O)N)[C@@H](O)[C@H](Oc2ccc3C(=C(NC(=O)c4ccc(O)c(CC=C(C)C)c4)C(=O)Oc3c2C)O)OC1(C)C,1,[54675769],CC1=C(C=CC2=C1OC(=O)C(=C2O)NC(=O)C3=CC(=C(C=C3)O)CC=C(C)C)O[C@H]4[C@@H]([C@@H]([C@H](C(O4)(C)C)OC)OC(=O)N)O,False,,,
Fulvestrant,C[C@]12CC[C@H]3[C@@H]([C@H](CCCCCCCCC[S@](=O)CCCC(F)(F)C(F)(F)F)Cc4cc(O)ccc34)[C@@H]1CC[C@@H]2O,1,[104741],C[C@]12CC[C@H]3[C@H]([C@@H]1CC[C@@H]2O)[C@@H](CC4=C3C=CC(=C4)O)CCCCCCCCCS(=O)CCCC(C(F)(F)F)(F)F,False,,,
Lercanidipine,COC(=O)C1=C(C)NC(=C([C@H]1c2cccc(c2)[N+](=O)[O-])C(=O)OC(C)(C)CN(C)CCC(c3ccccc3)c4ccccc4)C,1,[65866],CC1=C(C(C(=C(N1)C)C(=O)OC(C)(C)CN(C)CCC(C2=CC=CC=C2)C3=CC=CC=C3)C4=CC(=CC=C4)[N+](=O)[O-])C(=O)OC,False,,,
Candesartan,CCOc1nc2cccc(C(=O)O)c2n1Cc3ccc(cc3)c4ccccc4c5nnn[nH]5,1,[2541],CCOC1=NC2=CC=CC(=C2N1CC3=CC=C(C=C3)C4=CC=CC=C4C5=NNN=N5)C(=O)O,False,,,
Losartan,CCCCc1nc(Cl)c(CO)n1Cc2ccc(cc2)c3ccccc3c4nnn[nH]4,1,[3961],CCCCC1=NC(=C(N1CC2=CC=C(C=C2)C3=CC=CC=C3C4=NNN=N4)CO)Cl,False,,,
Ofloxacin,C[C@@H]1COc2c(N3CCN(C)CC3)c(F)cc4C(=O)C(=CN1c24)C(=O)O,1,[4583],CC1COC2=C3N1C=C(C(=O)C3=CC(=C2N4CCN(CC4)C)F)C(=O)O,False,,,
Gemifloxacin,CO\N=C\1/CN(C[C@@H]1CN)c2nc3N(C=C(C(=O)O)C(=O)c3cc2F)C4CC4,1,[9571107],CO/N=C/1\CN(CC1CN)C2=C(C=C3C(=O)C(=CN(C3=N2)C4CC4)C(=O)O)F,False,,,
Rabeprazole,COCCCOc1ccnc(C[S@](=O)c2nc3ccccc3[nH]2)c1C,1,[5029],CC1=C(C=CN=C1CS(=O)C2=NC3=CC=CC=C3N2)OCCCOC,False,,,
Minocycline,CN(C)[C@H]1[C@@H]2C[C@@H]3Cc4c(ccc(O)c4C(=O)C3=C(O)[C@]2(O)C(=O)C(=C1O)C(=O)N)N(C)C,1,[54675783],CN(C)[C@H]1[C@@H]2C[C@@H]3CC4=C(C=CC(=C4C(=C3C(=O)[C@@]2(C(=C(C1=O)C(=O)N)O)O)O)O)N(C)C,False,,,
Methylergonovine,CC[C@H](CO)NC(=O)[C@H]1CN(C)[C@@H]2Cc3c[nH]c4cccc(C2=C1)c34,1,[8226],CC[C@@H](CO)NC(=O)[C@H]1CN([C@@H]2CC3=CNC4=CC=CC(=C34)C2=C1)C,False,,,
Vardenafil,CCCc1nc(C)c2C(=O)N=C(Nn12)c3cc(ccc3OCC)S(=O)(=O)N4CCN(CC)CC4,1,[135400189],CCCC1=NC(=C2N1N=C(NC2=O)C3=C(C=CC(=C3)S(=O)(=O)N4CCN(CC4)CC)OCC)C,False,,,
Doxycycline,C[C@@H]1[C@H]2[C@H](O)[C@H]3[C@H](N(C)C)C(=C(C(=O)N)C(=O)[C@@]3(O)C(=C2C(=O)c4c(O)cccc14)O)O,1,[54671203],C[C@@H]1[C@H]2[C@@H]([C@H]3[C@@H](C(=O)C(=C([C@]3(C(=O)C2=C(C4=C1C=CC=C4O)O)O)O)C(=O)N)N(C)C)O,False,,,
Argatroban,C[C@@H]1CCN([C@H](C1)C(=O)O)C(=O)[C@H](CCCNC(=N)N)NS(=O)(=O)c2cccc3C[C@H](C)CNc23,1,[92722],C[C@@H]1CCN([C@H](C1)C(=O)O)C(=O)[C@H](CCCN=C(N)N)NS(=O)(=O)C2=CC=CC3=C2NCC(C3)C,False,,,
Demeclocycline,CN(C)[C@H]1[C@@H]2C[C@@H]3[C@H](O)c4c(Cl)ccc(O)c4C(=O)C3=C(O)[C@]2(O)C(=O)C(=C1O)C(=O)N,1,[54680690],CN(C)[C@H]1[C@@H]2C[C@@H]3[C@@H](C4=C(C=CC(=C4C(=C3C(=O)[C@@]2(C(=C(C1=O)C(=O)N)O)O)O)O)Cl)O,False,,,
Gatifloxacin,COc1c(N2CCN[C@H](C)C2)c(F)cc3C(=O)C(=CN(C4CC4)c13)C(=O)O,1,[5379],CC1CN(CCN1)C2=C(C=C3C(=C2OC)N(C=C(C3=O)C(=O)O)C4CC4)F,False,,,
Dexlansoprazole,Cc1c(OCC(F)(F)F)ccnc1C[S@](=O)c2nc3ccccc3[nH]2,1,[9578005],CC1=C(C=CN=C1C[S@@](=O)C2=NC3=CC=CC=C3N2)OCC(F)(F)F,False,,,
Carvedilol,COc1ccccc1OCCNC[C@H](O)COc2cccc3[nH]c4ccccc4c23,1,[2585],COC1=CC=CC=C1OCCNCC(COC2=CC=CC3=C2C4=CC=CC=C4N3)O,False,,,
Pantoprazole,COc1ccnc(C[S@](=O)c2nc3cc(OC(F)F)ccc3[nH]2)c1OC,1,[4679],COC1=C(C(=NC=C1)CS(=O)C2=NC3=C(N2)C=C(C=C3)OC(F)F)OC,False,,,
Lincomycin,CCC[C@@H]1C[C@H](N(C)C1)C(=O)N[C@H]([C@H](C)O)[C@H]2O[C@H](SC)[C@H](O)[C@@H](O)[C@H]2O,1,[3000540],CCC[C@@H]1C[C@H](N(C1)C)C(=O)N[C@@H]([C@@H]2[C@@H]([C@@H]([C@H]([C@H](O2)SC)O)O)O)[C@@H](C)O,False,,,
Zopiclone,CN1CCN(CC1)C(=O)O[C@H]2N(C(=O)c3nccnc23)c4ccc(Cl)cn4,1,[5735],CN1CCN(CC1)C(=O)OC2C3=NC=CN=C3C(=O)N2C4=NC=C(C=C4)Cl,False,,,
Iopromide,COCC(=O)Nc1c(I)c(C(=O)NC[C@H](O)CO)c(I)c(C(=O)N(C)C[C@H](O)CO)c1I,1,[3736],CN(CC(CO)O)C(=O)C1=C(C(=C(C(=C1I)C(=O)NCC(CO)O)I)NC(=O)COC)I,False,,,
Sertaconazole,Clc1ccc([C@@H](Cn2ccnc2)OCc3csc4c(Cl)cccc34)c(Cl)c1,1,[65863],C1=CC2=C(C(=C1)Cl)SC=C2COC(CN3C=CN=C3)C4=C(C=C(C=C4)Cl)Cl,False,,,
Valsartan,CCCCC(=O)N(Cc1ccc(cc1)c2ccccc2c3nnn[nH]3)[C@@H](C(C)C)C(=O)O,1,[60846],CCCCC(=O)N(CC1=CC=C(C=C1)C2=CC=CC=C2C3=NNN=N3)[C@@H](C(C)C)C(=O)O,False,,,
Tetracycline,CN(C)[C@H]1[C@@H]2C[C@H]3C(=C(O)[C@]2(O)C(=O)C(=C1O)C(=O)N)C(=O)c4c(O)cccc4[C@@]3(C)O,1,[54675776],C[C@@]1([C@H]2C[C@H]3[C@@H](C(=O)C(=C([C@]3(C(=O)C2=C(C4=C1C=CC=C4O)O)O)O)C(=O)N)N(C)C)O,False,,,
Metacycline,CN(C)[C@H]1[C@@H]2[C@@H](O)[C@@H]3C(=C)c4cccc(O)c4C(=O)C3=C(O)[C@]2(O)C(=O)C(=C1O)C(=O)N,1,[54675785],CN(C)[C@H]1[C@@H]2[C@H]([C@@H]3C(=C)C4=C(C(=CC=C4)O)C(=C3C(=O)[C@@]2(C(=C(C1=O)C(=O)N)O)O)O)O,False,,,
Fluvastatin,CC(C)n1c(\C=C\[C@H](O)C[C@H](O)CC(=O)O)c(c2ccc(F)cc2)c3ccccc13,1,"[446155, 23663976, 37888681]",CC(C)N1C2=CC=CC=C2C(=C1/C=C/[C@H](C[C@H](CC(=O)O)O)O)C3=CC=C(C=C3)F,False,,,
Terazosin,COc1cc2nc(nc(N)c2cc1OC)N3CCN(CC3)C(=O)[C@H]4CCCO4,1,[5401],COC1=C(C=C2C(=C1)C(=NC(=N2)N3CCN(CC3)C(=O)C4CCCO4)N)OC,False,,,
Grepafloxacin,C[C@@H]1CN(CCN1)c2cc3N(C=C(C(=O)O)C(=O)c3c(C)c2F)C4CC4,1,[72474],CC1CN(CCN1)C2=C(C(=C3C(=C2)N(C=C(C3=O)C(=O)O)C4CC4)C)F,False,,,
Maraviroc,CC(C)c1nnc(C)n1[C@@H]2C[C@H]3CC[C@@H](C2)N3CC[C@H](NC(=O)C4CCC(F)(F)CC4)c5ccccc5,1,[3002977],CC1=NN=C(N1C2C[C@H]3CC[C@@H](C2)N3CC[C@@H](C4=CC=CC=C4)NC(=O)C5CCC(CC5)(F)F)C(C)C,False,,,
Lovastatin,CC[C@H](C)C(=O)[C@H]1C[C@@H](C)C=C2C=C[C@H](C)[C@H](CC[C@@H]3C[C@@H](O)CC(=O)O3)[C@@H]12,1,[53232],CC[C@H](C)C(=O)O[C@H]1C[C@H](C=C2[C@H]1[C@H]([C@H](C=C2)C)CC[C@@H]3C[C@H](CC(=O)O3)O)C,False,,,
Alfuzosin,COc1cc2nc(nc(N)c2cc1OC)N(C)CCCNC(=O)[C@H]3CCCO3,1,[2092],CN(CCCNC(=O)C1CCCO1)C2=NC3=CC(=C(C=C3C(=N2)N)OC)OC,False,,,
Astromicin,CO[C@H]1[C@@H](O)[C@H](N)[C@@H](O[C@@H]2O[C@@H](CC[C@H]2N)[C@H](C)N)[C@H](O)[C@@H]1N(C)C(=O)CN,1,[5284517],C[C@@H]([C@@H]1CC[C@H]([C@H](O1)O[C@@H]2[C@H]([C@@H]([C@@H]([C@H]([C@H]2O)N(C)C(=O)CN)OC)O)N)N)N,False,,,
Buprenorphine,CO[C@@]12CC[C@]3(C[C@@H]1[C@](C)(O)C(C)(C)C)[C@H]4Cc5ccc(O)c6O[C@@H]2[C@]3(CCN4CC7CC7)c56,1,[644073],C[C@]([C@H]1C[C@@]23CC[C@@]1([C@H]4[C@@]25CCN([C@@H]3CC6=C5C(=C(C=C6)O)O4)CC7CC7)OC)(C(C)(C)C)O,False,,,
Lomefloxacin,CCN1C=C(C(=O)O)C(=O)c2cc(F)c(N3CCN[C@@H](C)C3)c(F)c12,1,[3948],CCN1C=C(C(=O)C2=CC(=C(C(=C21)F)N3CCNC(C3)C)F)C(=O)O,False,,,
Conivaptan,Cc1nc2CCN(C(=O)c3ccc(NC(=O)c4ccccc4c5ccccc5)cc3)c6ccccc6c2[nH]1,1,[151171],CC1=NC2=C(N1)CCN(C3=CC=CC=C32)C(=O)C4=CC=C(C=C4)NC(=O)C5=CC=CC=C5C6=CC=CC=C6,False,,,
Aprepitant,C[C@@H](O[C@H]1OCCN(CC2=NC(=O)NN2)[C@H]1c3ccc(F)cc3)c4cc(cc(c4)C(F)(F)F)C(F)(F)F,1,[135413536],C[C@H](C1=CC(=CC(=C1)C(F)(F)F)C(F)(F)F)O[C@@H]2[C@@H](N(CCO2)CC3=NNC(=O)N3)C4=CC=C(C=C4)F,False,,,
Eletriptan,CN1CCC[C@@H]1C[C@H]2CNc3ccc(CCS(=O)(=O)c4ccccc4)cc23,1,[77993],CN1CCC[C@@H]1CC2=CNC3=C2C=C(C=C3)CCS(=O)(=O)C4=CC=CC=C4,False,,,
Nicardipine,COC(=O)C1=C(C)NC(=C([C@H]1c2cccc(c2)[N+](=O)[O-])C(=O)OCCN(C)Cc3ccccc3)C,1,[4474],CC1=C(C(C(=C(N1)C)C(=O)OCCN(C)CC2=CC=CC=C2)C3=CC(=CC=C3)[N+](=O)[O-])C(=O)OC,False,,,
Omeprazole,COc1c(C)cnc(C[S@](=O)c2nc3ccccc3[nH]2)c1C,1,[4594],CC1=CN=C(C(=C1OC)C)CS(=O)C2=NC3=C(N2)C=C(C=C3)OC,False,,,
Glimepiride,CCC1=C(C)CN(C(=O)NCCc2ccc(cc2)S(=O)(=O)NC(=O)N[C@@H]3CC[C@@H](C)CC3)C1=O,1,[3476],CCC1=C(CN(C1=O)C(=O)NCCC2=CC=C(C=C2)S(=O)(=O)NC(=O)NC3CCC(CC3)C)C,False,,,
Gusperimus,NCCCNCCCCNC(=O)[C@H](O)NC(=O)CCCCCCNC(=N)N,1,[55362],C(CCCN=C(N)N)CCC(=O)NC(C(=O)NCCCCNCCCN)O,False,,,
Cefprozil,C\C=C/C1=C(N2[C@H](SC1)[C@H](NC(=O)[C@H](N)c3ccc(O)cc3)C2=O)C(=O)O,1,"[5281006, 6436628]",C/C=C/C1=C(N2[C@@H]([C@@H](C2=O)NC(=O)[C@@H](C3=CC=C(C=C3)O)N)SC1)C(=O)O,False,,,
Pioglitazone,CCc1ccc(CCOc2ccc(C[C@@H]3SC(=O)NC3=O)cc2)nc1,1,[4829],CCC1=CN=C(C=C1)CCOC2=CC=C(C=C2)CC3C(=O)NC(=O)S3,False,,,
Iohexol,CC(=O)N(C[C@H](O)CO)c1c(I)c(C(=O)NC[C@H](O)CO)c(I)c(C(=O)NC[C@H](O)CO)c1I,1,[3730],CC(=O)N(CC(CO)O)C1=C(C(=C(C(=C1I)C(=O)NCC(CO)O)I)C(=O)NCC(CO)O)I,False,,,
Cefoxitin,CO[C@]1(NC(=O)Cc2cccs2)[C@H]3SCC(=C(N3C1=O)C(=O)O)CSC(=O)N,1,[441199],CO[C@@]1([C@@H]2N(C1=O)C(=C(CS2)COC(=O)N)C(=O)O)NC(=O)CC3=CC=CS3,False,,,
Valganciclovir,CC(C)[C@H](N)C(=O)OC[C@H](CO)OCn1cnc2C(=O)NC(=Nc12)N,1,[135413535],CC(C)[C@@H](C(=O)OCC(CO)OCN1C=NC2=C1N=C(NC2=O)N)N,False,,,
Miconazole,Clc1ccc(CO[C@H](Cn2ccnc2)c3ccc(Cl)cc3Cl)c(Cl)c1,1,[4189],C1=CC(=C(C=C1Cl)Cl)COC(CN2C=CN=C2)C3=C(C=C(C=C3)Cl)Cl,False,,,
Rosiglitazone,CN(CCOc1ccc(C[C@@H]2SC(=O)NC2=O)cc1)c3ccccn3,1,[77999],CN(CCOC1=CC=C(C=C1)CC2C(=O)NC(=O)S2)C3=CC=CC=N3,False,,,
Ioversol,OCCN(C(=O)CO)c1c(I)c(C(=O)NC[C@H](O)CO)c(I)c(C(=O)NC[C@H](O)CO)c1I,1,[3741],C(CO)N(C1=C(C(=C(C(=C1I)C(=O)NCC(CO)O)I)C(=O)NCC(CO)O)I)C(=O)CO,False,,,
Bacampicillin,CCOC(=O)O[C@H](C)OC(=O)[C@@H]1N2[C@H](SC1(C)C)[C@H](NC(=O)[C@H](N)c3ccccc3)C2=O,1,[441397],CCOC(=O)OC(C)OC(=O)[C@H]1C(S[C@H]2N1C(=O)[C@H]2NC(=O)[C@@H](C3=CC=CC=C3)N)(C)C,False,,,
Betaxolol,CC(C)NC[C@H](O)COc1ccc(CCOCC2CC2)cc1,1,[2369],CC(C)NCC(COC1=CC=C(C=C1)CCOCC2CC2)O,False,,,
Verapamil,COc1ccc(CCN(C)CCC[C@](C#N)(C(C)C)c2ccc(OC)c(OC)c2)cc1OC,1,[2520],CC(C)C(CCCN(C)CCC1=CC(=C(C=C1)OC)OC)(C#N)C2=CC(=C(C=C2)OC)OC,False,,,
Bitolterol,Cc1ccc(cc1)C(=O)Oc2ccc(cc2OC(=O)c3ccc(C)cc3)[C@@H](O)CNC(C)(C)C,1,[35330],CC1=CC=C(C=C1)C(=O)OC2=C(C=C(C=C2)C(CNC(C)(C)C)O)OC(=O)C3=CC=C(C=C3)C,False,,,
Salmeterol,OCc1cc(ccc1O)[C@@H](O)CNCCCCCCOCCCCc2ccccc2,1,[5152],C1=CC=C(C=C1)CCCCOCCCCCCNCC(C2=CC(=C(C=C2)O)CO)O,False,,,
Econazole,Clc1ccc(CO[C@H](Cn2ccnc2)c3ccc(Cl)cc3Cl)cc1,1,[3198],C1=CC(=CC=C1COC(CN2C=CN=C2)C3=C(C=C(C=C3)Cl)Cl)Cl,False,,,
Floctafenine,OC[C@H](O)COC(=O)c1ccccc1Nc2ccnc3c(cccc23)C(F)(F)F,1,[3360],C1=CC=C(C(=C1)C(=O)OCC(CO)O)NC2=C3C=CC=C(C3=NC=C2)C(F)(F)F,False,,,
Amlodipine,CCOC(=O)C1=C(COCCN)NC(=C([C@H]1c2ccccc2Cl)C(=O)OC)C,1,[2162],CCOC(=O)C1=C(NC(=C(C1C2=CC=CC=C2Cl)C(=O)OC)C)COCCN,False,,,
Methysergide,CC[C@H](CO)NC(=O)[C@H]1CN(C)[C@@H]2Cc3cn(C)c4cccc(C2=C1)c34,1,[9681],CC[C@@H](CO)NC(=O)[C@H]1CN([C@@H]2CC3=CN(C4=CC=CC(=C34)C2=C1)C)C,False,,,
Celiprolol,CCN(CC)C(=O)Nc1ccc(OC[C@H](O)CNC(C)(C)C)c(c1)C(=O)C,1,[2663],CCN(CC)C(=O)NC1=CC(=C(C=C1)OCC(CNC(C)(C)C)O)C(=O)C,False,,,
Levocabastine,C[C@@H]1CN(CC[C@]1(C(=O)O)c2ccccc2)[C@@H]3CC[C@@](CC3)(C#N)c4ccc(F)cc4,1,[54385],C[C@@H]1CN(CC[C@@]1(C2=CC=CC=C2)C(=O)O)C3CCC(CC3)(C#N)C4=CC=C(C=C4)F,False,,,
Nitrendipine,CCOC(=O)C1=C(C)NC(=C([C@H]1c2cccc(c2)[N+](=O)[O-])C(=O)OC)C,1,[4507],CCOC(=O)C1=C(NC(=C(C1C2=CC(=CC=C2)[N+](=O)[O-])C(=O)OC)C)C,False,,,
Nilvadipine,COC(=O)C1=C(NC(=C([C@@H]1c2cccc(c2)[N+](=O)[O-])C(=O)OC(C)C)C)C#N,1,[4494],CC1=C(C(C(=C(N1)C#N)C(=O)OC)C2=CC(=CC=C2)[N+](=O)[O-])C(=O)OC(C)C,False,,,
Ondansetron,Cc1nccn1C[C@H]2CCc3c(C2=O)c4ccccc4n3C,1,[4595],CC1=NC=CN1CC2CCC3=C(C2=O)C4=CC=CC=C4N3C,False,,,
Felodipine,CCOC(=O)C1=C(C)NC(=C([C@H]1c2cccc(Cl)c2Cl)C(=O)OC)C,1,[3333],CCOC(=O)C1=C(NC(=C(C1C2=C(C(=CC=C2)Cl)Cl)C(=O)OC)C)C,False,,,
Nebivolol,O[C@H](CNC[C@H](O)[C@H]1CCc2cc(F)ccc2O1)[C@H]3CCc4cc(F)ccc4O3,1,"[71301, 189562, 9844194, 71750969, 118422671]",C1CC2=C(C=CC(=C2)F)OC1C(CNCC(C3CCC4=C(O3)C=CC(=C4)F)O)O,False,,,
Nadolol,CC(C)(C)NC[C@H](O)COc1cccc2C[C@@H](O)[C@@H](O)Cc12,1,[39147],CC(C)(C)NCC(COC1=CC=CC2=C1C[C@@H]([C@@H](C2)O)O)O,False,,,
Nisoldipine,COC(=O)C1=C(C)NC(=C([C@H]1c2ccccc2[N+](=O)[O-])C(=O)OCC(C)C)C,1,[4499],CC1=C(C(C(=C(N1)C)C(=O)OCC(C)C)C2=CC=CC=C2[N+](=O)[O-])C(=O)OC,False,,,
Quinacrine,CCN(CC)CCC[C@H](C)Nc1c2ccc(Cl)cc2nc3ccc(OC)cc13,1,[237],CCN(CC)CCCC(C)NC1=C2C=C(C=CC2=NC3=C1C=CC(=C3)Cl)OC,False,,,
Esmolol,COC(=O)CCc1ccc(OC[C@H](O)CNC(C)C)cc1,1,[59768],CC(C)NCC(COC1=CC=C(C=C1)CCC(=O)OC)O,False,,,
Sulindac,CC1=C(CC(=O)O)c2cc(F)ccc2/C/1=C\c3ccc(cc3)[S@](=O)C,1,[1548887],CC\1=C(C2=C(/C1=C\C3=CC=C(C=C3)S(=O)C)C=CC(=C2)F)CC(=O)O,False,,,
Probucol,CC(C)c1cc(SC(C)(C)Sc2cc(c(O)c(c2)C(C)(C)C)C(C)(C)C)cc(c1O)C(C)(C)C,1,[4912],CC(C)(C)C1=CC(=CC(=C1O)C(C)(C)C)SC(C)(C)SC2=CC(=C(C(=C2)C(C)(C)C)O)C(C)(C)C,False,,,
Deferasirox,OC(=O)c1ccc(cc1)N2N\C(=C/3\C=CC=CC3=O)\N/C/2=C\4/C=CC=CC4=O,1,[214348],C1=CC=C(C(=C1)C2=NN(C(=N2)C3=CC=CC=C3O)C4=CC=C(C=C4)C(=O)O)O,False,,,
Metoprolol,COCCc1ccc(OC[C@H](O)CNC(C)C)cc1,1,[4171],CC(C)NCC(COC1=CC=C(C=C1)CCOC)O,False,,,
Benoxaprofen,C[C@H](C(=O)O)c1ccc2oc(nc2c1)c3ccc(Cl)cc3,1,[39941],CC(C1=CC2=C(C=C1)OC(=N2)C3=CC=C(C=C3)Cl)C(=O)O,False,,,
Donepezil,COc1cc2C[C@@H](CC3CCN(Cc4ccccc4)CC3)C(=O)c2cc1OC,1,[3152],COC1=C(C=C2C(=C1)CC(C2=O)CC3CCN(CC3)CC4=CC=CC=C4)OC,False,,,
Cimetidine,CN\C(=N\CCSCc1nc[nH]c1C)\NC#N,1,[2756],CC1=C(N=CN1)CSCCNC(=NC)NC#N,False,,,
Valacyclovir,CC(C)[C@H](N)C(=O)OCCOCn1cnc2C(=O)N=C(N)Nc12,1,[135398742],CC(C)[C@@H](C(=O)OCCOCN1C=NC2=C1N=C(NC2=O)N)N,False,,,
Zidovudine,CC1=CN([C@@H]2O[C@H](CO)[C@@H](N=[N+]=[N-])[C@H]2O)C(=O)NC1=O,1,[35370],CC1=CN(C(=O)NC1=O)[C@H]2C[C@@H]([C@H](O2)CO)N=[N+]=[N-],False,,,
Docusate calcium,CCCC[C@@H](CC)COC(=O)[C@@H](CC(=O)OC[C@@H](CC)CCCC)S(=O)(=O)[O-],1,[31407],CCCCC(CC)COC(=O)CC(C(=O)OCC(CC)CCCC)S(=O)(=O)[O-].CCCCC(CC)COC(=O)CC(C(=O)OCC(CC)CCCC)S(=O)(=O)[O-].[Ca+2],False,,,
Pentostatin,OC[C@H]1O[C@H](C[C@@H]1O)n2cnc3[C@H](O)CNC=Nc23,1,[439693],C1[C@@H]([C@H](O[C@H]1N2C=NC3=C2NC=NC[C@H]3O)CO)O,False,,,
Lormetazepam,CN1C(=O)[C@@H](O)N=C(c2ccccc2Cl)c3cc(Cl)ccc13,1,[13314],CN1C2=C(C=C(C=C2)Cl)C(=NC(C1=O)O)C3=CC=CC=C3Cl,False,,,
Azelastine,CN1CCC[C@@H](CC1)N2N=C(Cc3ccc(Cl)cc3)c4ccccc4C2=O,1,[2267],CN1CCCC(CC1)N2C(=O)C3=CC=CC=C3C(=N2)CC4=CC=C(C=C4)Cl,False,,,
Pinaverium,COc1cc(Br)c(C[N+]2(CCOCC[C@@H]3CC[C@@H]4C[C@H]3C4(C)C)CCOCC2)cc1OC,1,[40704],CC1(C2CCC(C1C2)CCOCC[N+]3(CCOCC3)CC4=CC(=C(C=C4Br)OC)OC)C,False,,,
Carprofen,C[C@H](C(=O)O)c1ccc2c(c1)[nH]c3ccc(Cl)cc23,1,[2581],CC(C1=CC2=C(C=C1)C3=C(N2)C=CC(=C3)Cl)C(=O)O,False,,,
Lorazepam,O[C@@H]1N=C(c2ccccc2Cl)c3cc(Cl)ccc3NC1=O,1,[3958],C1=CC=C(C(=C1)C2=NC(C(=O)NC3=C2C=C(C=C3)Cl)O)Cl,False,,,
Acebutolol,CCCC(=O)Nc1ccc(OC[C@H](O)CNC(C)C)c(c1)C(=O)C,1,[1978],CCCC(=O)NC1=CC(=C(C=C1)OCC(CNC(C)C)O)C(=O)C,False,,,
Etodolac,CCc1cccc2c3CCO[C@](CC)(CC(=O)O)c3[nH]c12,1,[3308],CCC1=C2C(=CC=C1)C3=C(N2)C(OCC3)(CC)CC(=O)O,False,,,
Dobutamine,C[C@H](CCc1ccc(O)cc1)NCCc2ccc(O)c(O)c2,1,[36811],CC(CCC1=CC=C(C=C1)O)NCCC2=CC(=C(C=C2)O)O,False,,,
Retapamulin,C[C@@H]1CC[C@@]23CCC(=O)[C@H]2[C@]1(C)[C@@H](C[C@@](C)(C=C)[C@@H](O)[C@@H]3C)OC(=O)CS[C@@H]4C[C@H]5CC[C@@H](C4)N5C,1,[6918462],C[C@@H]1CC[C@@]23CCC(=O)[C@H]2[C@@]1([C@@H](C[C@@]([C@H]([C@@H]3C)O)(C)C=C)OC(=O)CSC4C[C@H]5CC[C@@H](C4)N5C)C,False,,,
Zanamivir,CC(=O)N[C@@H]1[C@@H](NC(=N)N)C=C(O[C@@H]1[C@H](O)[C@H](O)CO)C(=O)O,1,[60855],CC(=O)N[C@@H]1[C@H](C=C(O[C@H]1[C@@H]([C@@H](CO)O)O)C(=O)O)N=C(N)N,False,,,
Famotidine,NC(=N)Nc1nc(CSCCC(=N)NS(=O)(=O)N)cs1,1,"[5702160, 3325, 5353622]",C1=C(N=C(S1)N=C(N)N)CSCC/C(=N/S(=O)(=O)N)/N,False,,,
Albendazole,CCCSc1ccc2[nH]c(NC(=O)OC)nc2c1,1,[2082],CCCSC1=CC2=C(C=C1)N=C(N2)NC(=O)OC,False,,,
Fexofenadine,CC(C)(C(=O)O)c1ccc(cc1)[C@@H](O)CCCN2CCC(CC2)C(O)(c3ccccc3)c4ccccc4,1,[3348],CC(C)(C1=CC=C(C=C1)C(CCCN2CCC(CC2)C(C3=CC=CC=C3)(C4=CC=CC=C4)O)O)C(=O)O,False,,,
Cholestyramine,CCc1ccc(cc1)[C@H](C)CCc2ccc(cc2)[N+](C)(C)C,1,[137699107],CCC(C)C.CCC(CC(C)C1=CC=CC=C1)C2=CC=C(C=C2)C[N+](C)(C)C.N.[Cl-],False,,,
Ranolazine,COc1ccccc1OC[C@H](O)CN2CCN(CC(=O)Nc3c(C)cccc3C)CC2,1,[56959],CC1=C(C(=CC=C1)C)NC(=O)CN2CCN(CC2)CC(COC3=CC=CC=C3OC)O,False,,,
Clorazepate,OC(=O)[C@H]1N=C(c2ccccc2)c3cc(Cl)ccc3NC1(O)O,1,[2809],C1=CC=C(C=C1)C2=NC(C(=O)NC3=C2C=C(C=C3)Cl)C(=O)O,False,,,
Rotigotine,CCCN(CCc1cccs1)[C@@H]2CCc3c(O)cccc3C2,1,[59227],CCCN(CCC1=CC=CS1)[C@H]2CCC3=C(C2)C=CC=C3O,False,,,
Levothyroxine,N[C@H](C(=O)O)c1cc(I)c(Oc2cc(I)c(O)c(I)c2)c(I)c1,1,[5819],C1=C(C=C(C(=C1I)OC2=CC(=C(C(=C2)I)O)I)I)C[C@@H](C(=O)O)N,False,,,
Mebendazole,COC(=O)Nc1nc2cc(ccc2[nH]1)C(=O)c3ccccc3,1,[4030],COC(=O)NC1=NC2=C(N1)C=C(C=C2)C(=O)C3=CC=CC=C3,False,,,
Indoprofen,C[C@H](C(=O)O)c1ccc(cc1)N2Cc3ccccc3C2=O,1,[3718],CC(C1=CC=C(C=C1)N2CC3=CC=CC=C3C2=O)C(=O)O,False,,,
Chlorhexidine,Clc1ccc(NC(=N)NC(=N)NCCCCCCNC(=N)NC(=N)Nc2ccc(Cl)cc2)cc1,1,[9552079],C1=CC(=CC=C1N/C(=N/C(=NCCCCCCN=C(/N=C(/NC2=CC=C(C=C2)Cl)\N)N)N)/N)Cl,False,,,
Temazepam,CN1C(=O)[C@@H](O)N=C(c2ccccc2)c3cc(Cl)ccc13,1,[5391],CN1C2=C(C=C(C=C2)Cl)C(=NC(C1=O)O)C3=CC=CC=C3,False,,,
Ibutilide,CCCCCCCN(CC)CCC[C@H](O)c1ccc(NS(=O)(=O)C)cc1,1,[60753],CCCCCCCN(CC)CCCC(C1=CC=C(C=C1)NS(=O)(=O)C)O,False,,,
Granisetron,CN1[C@@H]2CCC[C@H]1C[C@@H](C2)NC(=O)c3nn(C)c4ccccc34,1,"[5284566, 86287410]",CN1[C@@H]2CCC[C@H]1CC(C2)NC(=O)C3=NN(C4=CC=CC=C43)C,False,,,
Oxazepam,O[C@H]1N=C(c2ccccc2)c3cc(Cl)ccc3NC1=O,1,[4616],C1=CC=C(C=C1)C2=NC(C(=O)NC3=C2C=C(C=C3)Cl)O,False,,,
Polythiazide,CN1[C@H](CSCC(F)(F)F)Cc2cc(Cl)c(cc2S1(=O)=O)S(=O)(=O)N,1,[4870],,False,,,
Dexamethasone,CCC(=O)[C@@]1(O)[C@H](C)C[C@H]2[C@@H]3CCC4=CC(=O)C=C[C@]4(C)[C@@]3(F)[C@@H](O)C[C@]12C,1,[5743],C[C@@H]1C[C@H]2[C@@H]3CCC4=CC(=O)C=C[C@@]4([C@]3([C@H](C[C@@]2([C@]1(C(=O)CO)O)C)O)F)C,False,,,
Tegaserod,CCCCCNC(=N)N\N=C\c1c[nH]c2ccc(OC)cc12,1,[135409453],CCCCCN=C(N)N/N=C/C1=CNC2=C1C=C(C=C2)OC,False,,,
Metolazone,C[C@H]1Nc2cc(Cl)c(cc2C(=O)N1c3ccccc3C)S(=O)(=O)N,1,[4170],CC1NC2=CC(=C(C=C2C(=O)N1C3=CC=CC=C3C)S(=O)(=O)N)Cl,False,,,
Hydroxychloroquine,CCN(CCO)CCC[C@H](C)Nc1ccnc2cc(Cl)ccc12,1,[3652],CCN(CCCC(C)NC1=C2C=CC(=CC2=NC=C1)Cl)CCO,False,,,
Tetrabenazine,COc1cc2CCN3C[C@@H](CC(C)C)C(=O)C[C@H]3c2cc1OC,1,[6018],CC(C)CC1CN2CCC3=CC(=C(C=C3C2CC1=O)OC)OC,False,,,
Praziquantel,O=C(C1CCCCC1)N2C[C@@H]3N(CCc4ccccc34)C(=O)C2,1,[4891],C1CCC(CC1)C(=O)N2CC3C4=CC=CC=C4CCN3C(=O)C2,False,,,
Atenolol,CC(C)NC[C@H](O)COc1ccc(CC(=O)N)cc1,1,[2249],CC(C)NCC(COC1=CC=C(C=C1)CC(=O)N)O,False,,,
Sulfinpyrazone,O=C1C(CC[S@](=O)c2ccccc2)C(=O)N(N1c3ccccc3)c4ccccc4,1,[5342],C1=CC=C(C=C1)N2C(=O)C(C(=O)N2C3=CC=CC=C3)CCS(=O)C4=CC=CC=C4,False,,,
Diclofensine,COc1ccc2[C@@H](CN(C)Cc2c1)c3ccc(Cl)c(Cl)c3,1,[68871],CN1CC(C2=C(C1)C=C(C=C2)OC)C3=CC(=C(C=C3)Cl)Cl,False,,,
Pindolol,CC(C)NC[C@H](O)COc1cccc2[nH]ccc12,1,[4828],CC(C)NCC(COC1=CC=CC2=C1C=CN2)O,False,,,
Bupivacaine,CCCCN1CCCC[C@@H]1C(=O)c2c(C)cccc2C,1,[2474],CCCCN1CCCCC1C(=O)NC2=C(C=CC=C2C)C,False,,,
Indacrinone,C[C@@]1(Cc2cc(OCC(=O)O)c(Cl)c(Cl)c2C1=O)c3ccccc3,1,[42266],CC1(CC2=CC(=C(C(=C2C1=O)Cl)Cl)OCC(=O)O)C3=CC=CC=C3,False,,,
Labetalol,C[C@H](CCc1ccccc1)NC[C@H](O)c2ccc(O)c(c2)C(=O)N,1,[3869],CC(CCC1=CC=CC=C1)NCC(C2=CC(=C(C=C2)O)C(=O)N)O,False,,,
Chlordiazepoxide,CNC1=Nc2ccc(Cl)cc2C(=[N+]([O-])C1)c3ccccc3,1,[2712],CN=C1CN(C(=C2C=C(C=CC2=N1)Cl)C3=CC=CC=C3)O,False,,,
Epinastine,NC1=NC[C@@H]2N1c3ccccc3Cc4ccccc24,1,[3241],C1C2C3=CC=CC=C3CC4=CC=CC=C4N2C(=N1)N,False,,,
Thioridazine,CSc1ccc2Sc3ccccc3N(CC[C@H]4CCCCN4C)c2c1,1,[5452],CN1CCCCC1CCN2C3=CC=CC=C3SC4=C2C=C(C=C4)SC,False,,,
Mepivacaine,CN1CCCC[C@@H]1C(=O)Nc2c(C)cccc2C,1,[4062],CC1=C(C(=CC=C1)C)NC(=O)C2CCCCN2C,False,,,
Chloroquine,CCN(CC)CCC[C@H](C)Nc1ccnc2cc(Cl)ccc12,1,[2719],CCN(CC)CCCC(C)NC1=C2C=CC(=CC2=NC=C1)Cl,False,,,
Molindone,CCc1c(C)[nH]c2CC[C@@H](CN3CCOCC3)C(=O)c12,1,[23897],CCC1=C(NC2=C1C(=O)C(CC2)CN3CCOCC3)C,False,,,
Azathioprine,Cn1cnc(c1Sc2[nH]cnc3ncnc23)[N+](=O)[O-],1,[2265],CN1C=NC(=C1SC2=NC=NC3=C2NC=N3)[N+](=O)[O-],False,,,
Salbutamol,CC(C)(C)NC[C@H](O)c1ccc(O)c(CO)c1,1,[2083],CC(C)(C)NCC(C1=CC(=C(C=C1)O)CO)O,False,,,
Pirbuterol,CC(C)(C)NC[C@H](O)c1ccc(O)c(CO)n1,1,[4845],CC(C)(C)NCC(C1=NC(=C(C=C1)O)CO)O,False,,,
Atovaquone,OC1=C([C@@H]2CC[C@H](CC2)c3ccc(Cl)cc3)C(=O)c4ccccc4C1=O,1,[74989],C1CC(CCC1C2=CC=C(C=C2)Cl)C3=C(C4=CC=CC=C4C(=O)C3=O)O,False,,,
Auranofin,CC(=O)OC[C@H]1O[C@@H]([S-])[C@H](OC(=O)C)[C@@H](OC(=O)C)[C@@H]1OC(=O)C,1,"[24199313, 70788951, 16667669, 6918453, 6333901, 57417071, 138402869, 165339206]",CCP(CC)CC.CC(=O)OCC1C(C(C(C(O1)[S-])OC(=O)C)OC(=O)C)OC(=O)C.[Au+],False,,,
Clemastine,CN1CCC[C@@H]1CCO[C@@](C)(c2ccccc2)c3ccc(Cl)cc3,1,[26987],C[C@@](C1=CC=CC=C1)(C2=CC=C(C=C2)Cl)OCC[C@H]3CCCN3C,False,,,
Reboxetine,CCOc1ccccc1O[C@H]([C@H]2CNCCO2)c3ccccc3,1,[127151],CCOC1=CC=CC=C1O[C@@H]([C@H]2CNCCO2)C3=CC=CC=C3,False,,,
Meclizine,Cc1cccc(CN2CCN(CC2)[C@H](c3ccccc3)c4ccc(Cl)cc4)c1,1,[4034],CC1=CC(=CC=C1)CN2CCN(CC2)C(C3=CC=CC=C3)C4=CC=C(C=C4)Cl,False,,,
Fluoxetine,CNCC[C@H](Oc1ccc(cc1)C(F)(F)F)c2ccccc2,1,[3386],CNCCC(C1=CC=CC=C1)OC2=CC=C(C=C2)C(F)(F)F,False,,,
Trimipramine,C[C@H](CN(C)C)CN1c2ccccc2CCc3ccccc13,1,[5584],CC(CN1C2=CC=CC=C2CCC3=CC=CC=C31)CN(C)C,False,,,
Lenalidomide,Nc1cccc2C(=O)N(Cc12)[C@H]3CCC(=O)NC3=O,1,[216326],C1CC(=O)NC(=O)C1N2CC3=C(C2=O)C=CC=C3N,False,,,
Ketorolac,OC(=O)[C@H]1CCn2c1ccc2C(=O)c3ccccc3,1,[3826],C1CN2C(=CC=C2C(=O)C3=CC=CC=C3)C1C(=O)O,False,,,
Indapamide,C[C@@H]1Cc2ccccc2N1NC(=O)c3ccc(Cl)c(c3)S(=O)(=O)N,1,[3702],CC1CC2=CC=CC=C2N1NC(=O)C3=CC(=C(C=C3)Cl)S(=O)(=O)N,False,,,
Propafenone,CCCNC[C@H](O)COc1ccccc1C(=O)CCc2ccccc2,1,[4932],CCCNCC(COC1=CC=CC=C1C(=O)CCC2=CC=CC=C2)O,False,,,
Hydroxyzine,OCCOCCN1CCN(CC1)[C@H](c2ccccc2)c3ccc(Cl)cc3,1,[3658],C1CN(CCN1CCOCCO)C(C2=CC=CC=C2)C3=CC=C(C=C3)Cl,False,,,
Mitomycin,CO[C@@]12[C@@H]3N[C@@H]3CN1C4=C([C@@H]2COC(=O)N)C(=O)C(=C(C)C4=O)N,1,[5746],CC1=C(C(=O)C2=C(C1=O)N3C[C@H]4[C@@H]([C@@]3([C@@H]2COC(=O)N)OC)N4)N,False,,,
Viloxazine,CCOc1ccccc1OC[C@H]2CNCCO2,1,[5666],CCOC1=CC=CC=C1OCC2CNCCO2,False,,,
Aurothioglucose,OC[C@H]1O[C@H]([S-])[C@H](O)[C@@H](O)[C@@H]1O,1,"[454937, 6104, 4640670, 51371222, 118705487]",C([C@@H]1[C@H]([C@@H]([C@H](C(O1)[S-])O)O)O)O.[Au+],False,,,
Maprotiline,CNCCC[C@@]12CC[C@@H](c3ccccc13)c4ccccc24,1,[4011],CNCCCC12CCC(C3=CC=CC=C31)C4=CC=CC=C24,False,,,
Budesonide,CCC[C@@H]1O[C@@H]2C[C@H]3[C@@H]4CCC5=CC(=O)C=C[C@]5(C)[C@H]4[C@@H](O)C[C@]3(C)[C@@]2(O1)C(=O)CO,1,[5281004],CCCC1O[C@@H]2C[C@H]3[C@@H]4CCC5=CC(=O)C=C[C@@]5([C@H]4[C@H](C[C@@]3([C@@]2(O1)C(=O)CO)C)O)C,False,,,
Ifosfamide,ClCCN[P@@]1(=O)OCCCN1CCCl,1,[3690],C1CN(P(=O)(OC1)NCCCl)CCCl,False,,,
Chlorthalidone,NS(=O)(=O)c1cc(ccc1Cl)[C@]2(O)NC(=O)c3ccccc23,1,[2732],C1=CC=C2C(=C1)C(=O)NC2(C3=CC(=C(C=C3)Cl)S(=O)(=O)N)O,False,,,
Venlafaxine,COc1ccc(cc1)[C@H](CN(C)C)C2(O)CCCCC2,1,[5656],CN(C)CC(C1=CC=C(C=C1)OC)C2(CCCCC2)O,False,,,
Proguanil,CC(C)\N=C(/N)\N=C(/N)\Nc1ccc(Cl)cc1,1,[6178111],CC(C)N=C(N)/N=C(\N)/NC1=CC=C(C=C1)Cl,False,,,
Clotrimazole,Clc1ccc(cc1)C(c2ccccc2)(c3ccccc3)n4ccnc4,1,[2812],C1=CC=C(C=C1)C(C2=CC=CC=C2)(C3=CC=CC=C3Cl)N4C=CN=C4,False,,,
Dezocine,C[C@@]1(N)[C@H]2CCCCC[C@]1(C)c3cc(O)ccc3C2,1,[3033053],C[C@]12CCCCC[C@H]([C@@H]1N)CC3=C2C=C(C=C3)O,False,,,
Prilocaine,CCCN[C@@H](C)C(=O)Nc1ccccc1C,1,[4906],CCCNC(C)C(=O)NC1=CC=CC=C1C,False,,,
Fenoprofen,C[C@H](C(=O)O)c1cccc(Oc2ccccc2)c1,1,[3342],CC(C1=CC(=CC=C1)OC2=CC=CC=C2)C(=O)O,False,,,
Tetrahydrozoline,C1C[C@H](C2=NCCN2)c3ccccc3C1,1,[5419],C1CC(C2=CC=CC=C2C1)C3=NCCN3,False,,,
Gadodiamide,CNC(=O)CN(CCN(CCN(CC(=O)[O-])CC(=O)NC)CC(=O)[O-])CC(=O)[O-],1,"[153921, 60754, 24847884, 91872893, 71775015, 24838310, 76964236, 91810853, 101673418, 123134693, 134819268, 156026237]",CNC(=O)CN(CCN(CCN(CC(=O)NC)CC(=O)[O-])CC(=O)[O-])CC(=O)[O-].[Gd+3],False,,,
Estrogens,C[C@]12CC[C@H]3[C@@H](CCc4cc(O)ccc34)[C@@H]1CC[C@@H]2O,1,[23676225],C[C@]12CC[C@H]3C(=CCC4=C3C=CC(=C4)OS(=O)(=O)[O-])[C@@H]1CCC2=O.[Na+],False,,,
Sibutramine,CC(C)C[C@H](N(C)N)C1(CCC1)c2ccc(Cl)cc2,1,[5210],CC(C)CC(C1(CCC1)C2=CC=C(C=C2)Cl)N(C)C,False,,,
Bepridil,CC(C)COC[C@H](CN(Cc1ccccc1)c2ccccc2)N3CCCC3,1,[2351],CC(C)COCC(CN(CC1=CC=CC=C1)C2=CC=CC=C2)N3CCCC3,False,,,
Etidocaine,CCCN(CC)[C@@H](CC)C(=O)Nc1c(C)cccc1C,1,[37497],CCCN(CC)C(CC)C(=O)NC1=C(C=CC=C1C)C,False,,,
Carbidopa,C[C@](Cc1ccc(O)c(O)c1)(NN)C(=O)O,1,[34359],C[C@](CC1=CC(=C(C=C1)O)O)(C(=O)O)NN,False,,,
Ciprofibrate,CC(C)(Oc1ccc(cc1)[C@@H]2CC2(Cl)Cl)C(=O)O,1,[2763],CC(C)(C(=O)O)OC1=CC=C(C=C1)C2CC2(Cl)Cl,False,,,
Primaquine,COc1cc(N[C@H](C)CCCN)c2ncccc2c1,1,[4908],CC(CCCN)NC1=C2C(=CC(=C1)OC)C=CC=N2,False,,,
Amiloride,NC(=N)NC(=O)c1nc(Cl)c(N)nc1N,1,[16231],C1(=C(N=C(C(=N1)Cl)N)N)C(=O)N=C(N)N,False,,,
Oxprenolol,CC(C)NC[C@H](O)COc1ccccc1OCC=C,1,[4631],CC(C)NCC(COC1=CC=CC=C1OCC=C)O,False,,,
Gliclazide,Cc1ccc(cc1)S(=O)(=O)NC(=O)NN2C[C@H]3CCC[C@H]3C2,1,[3475],CC1=CC=C(C=C1)S(=O)(=O)NC(=O)NN2CC3CCCC3C2,False,,,
Potassium gluconate,OC[C@@H](O)[C@@H](O)[C@H](O)[C@@H](O)C(=O)[O-],1,[16760467],C([C@H]([C@H]([C@@H]([C@H](C(=O)[O-])O)O)O)O)O.[K+],False,,,
Doxapram,CCN1C[C@@H](CCN2CCOCC2)C(C1=O)(c3ccccc3)c4ccccc4,1,[3156],CCN1CC(C(C1=O)(C2=CC=CC=C2)C3=CC=CC=C3)CCN4CCOCC4,False,,,
Minoxidil,Nc1cc(nc(N)[n+]1[O-])N2CCCCC2,1,[4201],C1CCN(CC1)C2=NC(=N)N(C(=C2)N)O,False,,,
Diazoxide,CC1=Nc2ccc(Cl)cc2S(=O)(=O)N1,1,[3019],CC1=NS(=O)(=O)C2=C(N1)C=CC(=C2)Cl,False,,,
Mitotane,ClC(Cl)[C@H](c1ccc(Cl)cc1)c2ccccc2Cl,1,[4211],C1=CC=C(C(=C1)C(C2=CC=C(C=C2)Cl)C(Cl)Cl)Cl,False,,,
Trimebutine,CC[C@](COC(=O)c1cc(OC)c(OC)c(OC)c1)(N(C)C)c2ccccc2,1,[5573],CCC(COC(=O)C1=CC(=C(C(=C1)OC)OC)OC)(C2=CC=CC=C2)N(C)C,False,,,
Quinethazone,CC[C@H]1NC(=O)c2cc(c(Cl)cc2N1)S(=O)(=O)N,1,[6307],CCC1NC2=CC(=C(C=C2C(=O)N1)S(=O)(=O)N)Cl,False,,,
Midodrine,COc1ccc(OC)c(c1)[C@@H](O)CNC(=O)CN,1,[4195],COC1=CC(=C(C=C1)OC)C(CNC(=O)CN)O,False,,,
Chlorpheniramine,CN(C)CC[C@H](c1ccc(Cl)cc1)c2ccccn2,1,[2725],CN(C)CCC(C1=CC=C(C=C1)Cl)C2=CC=CC=N2,False,,,
Desvenlafaxine,CN(C)C[C@H](c1ccc(O)cc1)C2(O)CCCCC2,1,[125017],CN(C)CC(C1=CC=C(C=C1)O)C2(CCCCC2)O,False,,,
Flucytosine,NC1=NC(=O)NC=C1F,1,[3366],C1=NC(=O)NC(=C1F)N,False,,,
Methocarbamol,COc1ccccc1OC[C@H](O)COC(=O)N,1,[4107],COC1=CC=CC=C1OCC(COC(=O)N)O,False,,,
Carisoprodol,CCC[C@@](C)(COC(=O)N)COC(=O)NC(C)C,1,[2576],CCCC(C)(COC(=O)N)COC(=O)NC(C)C,False,,,
Cyclophosphamide,ClCCN(CCCl)[P@]1(=O)NCCCO1,1,[2907],C1CNP(=O)(OC1)N(CCCl)CCCl,False,,,
Guaifenesin,COc1ccccc1OC[C@H](O)CO,1,[3516],COC1=CC=CC=C1OCC(CO)O,False,,,
Tocainide,C[C@H](N)C(=O)Nc1c(C)cccc1C,1,[38945],CC1=C(C(=CC=C1)C)NC(=O)C(C)N,False,,,
Mexiletine,C[C@H](N)COc1c(C)cccc1C,1,[4178],CC1=C(C(=CC=C1)C)OCC(C)N,False,,,
Ibuprofen,CC(C)Cc1ccc(cc1)[C@@H](C)C(=O)O,1,[3672],CC(C)CC1=CC=C(C=C1)C(C)C(=O)O,False,,,
Baclofen,NC[C@H](CC(=O)O)c1ccc(Cl)cc1,1,[2284],C1=CC(=CC=C1C(CC(=O)O)CN)Cl,False,,,
Methazolamide,CN1N=C(S/C/1=N/C(=O)C)S(=O)(=O)N,1,[4100],CC(=O)N=C1N(N=C(S1)S(=O)(=O)N)C,False,,,
Armodafinil,NC(=O)C[S@](=O)C(c1ccccc1)c2ccccc2,1,[9690109],C1=CC=C(C=C1)C(C2=CC=CC=C2)[S@](=O)CC(=O)N,False,,,
Mercaptopurine,S=C1NC=Nc2nc[nH]c12,1,[667490],C1=NC2=C(N1)C(=S)N=CN2,False,,,
Memantine,C[C@@]12C[C@@H]3C[C@@](C)(C1)C[C@@](N)(C3)C2,1,[4054],CC12CC3CC(C1)(CC(C3)(C2)N)C,False,,,
Propranolol,CC(C)NC[C@H](O)COc1cccc2ccccc12,1,[4946],CC(C)NCC(COC1=CC=CC2=CC=CC=C21)O,False,,,
Guanfacine,NC(=N)NC(=O)Cc1c(Cl)cccc1Cl,1,[3519],C1=CC(=C(C(=C1)Cl)CC(=O)N=C(N)N)Cl,False,,,
Rimantadine,C[C@H](N)C12C[C@@H]3C[C@@H](C[C@@H](C3)C1)C2,1,[5071],CC(C12CC3CC(C1)CC(C3)C2)N,False,,,
Methylphenidate,COC(=O)[C@H]([C@H]1CCCCN1)c2ccccc2,1,[4158],COC(=O)C(C1CCCCN1)C2=CC=CC=C2,False,,,
Terbutaline,CC(C)(C)NC[C@H](O)c1cc(O)cc(O)c1,1,[5403],CC(C)(C)NCC(C1=CC(=CC(=C1)O)O)O,False,,,
Eflornithine,NCCC[C@](N)(C(F)F)C(=O)O,1,[3009],C(CC(C(F)F)(C(=O)O)N)CN,False,,,
Bupropion,C[C@H](NC(C)(C)C)C(=O)c1cccc(Cl)c1,1,[444],CC(C(=O)C1=CC(=CC=C1)Cl)NC(C)(C)C,False,,,
Amantadine,NC12C[C@@H]3C[C@@H](C[C@@H](C3)C1)C2,1,[2130],C1C2CC3CC1CC(C2)(C3)N,False,,,
Chlorothiazide,NS(=O)(=O)c1cc2c(cc1Cl)N=CNS2(=O)=O,1,[2720],C1=C2C(=CC(=C1Cl)S(=O)(=O)N)S(=O)(=O)N=CN2,False,,,
Cyclopentolate,CN(C)CCOC(=O)[C@H](c1ccccc1)C2(O)CCCC2,1,[2905],CN(C)CCOC(=O)C(C1=CC=CC=C1)C2(CCCC2)O,False,,,
Scopolamine,CN1[C@@H]2C[C@H](C[C@H]1[C@@H]3O[C@H]23)OC(=O)[C@H](CO)c4ccccc4,1,"[3000322, 5184, 11968014, 153311, 6451257, 452977, 2723877, 6432494, 638340, 5284456, 9916237, 16399351, 134767951]",CN1[C@@H]2CC(C[C@H]1[C@H]3[C@@H]2O3)OC(=O)[C@H](CO)C4=CC=CC=C4,False,,,
Chlophedianol,CN(C)CC[C@@](O)(c1ccccc1)c2ccccc2Cl,1,[2795],CN(C)CCC(C1=CC=CC=C1)(C2=CC=CC=C2Cl)O,False,,,
Dacarbazine,CN(C)N=Nc1[nH]cnc1C(=O)N,1,"[135398738, 2942, 135484649]",CN(C)/N=N/C1=C(NC=N1)C(=O)N,False,,,
Bendroflumethiazide,NS(=O)(=O)c1cc2c(N[C@@H](Cc3ccccc3)NS2(=O)=O)cc1C(F)(F)F,1,[2315],C1=CC=C(C=C1)CC2NC3=C(C=C(C(=C3)C(F)(F)F)S(=O)(=O)N)S(=O)(=O)N2,False,,,
Doxylamine,CN(C)CCO[C@](C)(c1ccccc1)c2ccccn2,1,[3162],CC(C1=CC=CC=C1)(C2=CC=CC=N2)OCCN(C)C,False,,,
Gentian violet,CN(C)c1ccc(cc1)C(=C2C=CC(=[N+](C)C)C=C2)c3ccc(cc3)N(C)C,1,[11057],CN(C)C1=CC=C(C=C1)C(=C2C=CC(=[N+](C)C)C=C2)C3=CC=C(C=C3)N(C)C.[Cl-],False,,,
Pheniramine,CN(C)CC[C@H](c1ccccc1)c2ccccn2,1,[4761],CN(C)CCC(C1=CC=CC=C1)C2=CC=CC=N2,False,,,
Methyclothiazide,CN1[C@@H](CCl)Nc2cc(Cl)c(cc2S1(=O)=O)S(=O)(=O)N,1,[4121],CN1C(NC2=CC(=C(C=C2S1(=O)=O)S(=O)(=O)N)Cl)CCl,False,,,
Sodium phenylbutyrate,[O-]C(=O)CCCc1ccccc1,1,[5258],C1=CC=C(C=C1)CCCC(=O)[O-].[Na+],False,,,
Misonidazole,COC[C@H](O)Cn1ccnc1[N+](=O)[O-],1,[26105],COCC(CN1C=CN=C1[N+](=O)[O-])O,False,,,
Ethotoin,CCN1C(=O)N[C@@H](C1=O)c2ccccc2,1,[3292],CCN1C(=O)C(NC1=O)C2=CC=CC=C2,False,,,
Disopyramide,CC(C)N(CC[C@](C(=O)N)(c1ccccc1)c2ccccn2)C(C)C,1,[3114],CC(C)N(CCC(C1=CC=CC=C1)(C2=CC=CC=N2)C(=O)N)C(C)C,False,,,
Ozolinone,CN1C(=O)[C@@H](S/C/1=C/C(=O)O)N2CCCCC2,1,[6436036],CN1/C(=C/C(=O)O)/SC(C1=O)N2CCCCC2,False,,,
Guanabenz,NC(=N)N\N=C\c1c(Cl)cccc1Cl,1,"[5702063, 3517, 5353646]",C1=CC(=C(C(=C1)Cl)/C=N/N=C(N)N)Cl,False,,,
Thimerosal,[O-]C(=O)c1ccccc1[S-],1,[16684434],CC[Hg]SC1=CC=CC=C1C(=O)[O-].[Na+],False,,,
Bismuth subsalicylate,[O-]C(=O)c1ccccc1[O-],1,[16682734],C1=CC=C2C(=C1)C(=O)O[Bi]O2.O,False,,,
Oxaliplatin,N[C@@H]1CCCC[C@H]1N,1,[9887053],C1CC[C@H]([C@@H](C1)[NH-])[NH-].C(=O)(C(=O)O)O.[Pt+2],False,,,
Sotalol,CC(C)NC[C@H](O)c1ccc(NS(=O)(=O)C)cc1,1,[5253],CC(C)NCC(C1=CC=C(C=C1)NS(=O)(=O)C)O,False,,,
Orphenadrine,CN(C)CCO[C@H](c1ccccc1)c2ccccc2C,1,[4601],CC1=CC=CC=C1C(C2=CC=CC=C2)OCCN(C)C,False,,,
Metoclopramide,CCN(CC)CCNC(=O)c1cc(Cl)c(N)cc1O,1,[4168],CCN(CC)CCNC(=O)C1=CC(=C(C=C1OC)N)Cl,False,,,
Vigabatrin,N[C@@H](CCC(=O)O)C=C,1,[5665],C=CC(CCC(=O)O)N,False,,,
Benztropine,C1C[C@H]2C[C@H](C[C@@H]1N2)OC(c3ccccc3)c4ccccc4,1,[1201549],CN1[C@@H]2CC[C@H]1CC(C2)OC(C3=CC=CC=C3)C4=CC=CC=C4,False,,,
Tiotropium,C[N+]1(C)[C@@H]2C[C@@H](C[C@H]1[C@H]3O[C@@H]23)OC(=O)C(O)(c4cccs4)c5cccs5,1,[5487427],C[N+]1([C@@H]2CC(C[C@H]1[C@H]3[C@@H]2O3)OC(=O)C(C4=CC=CS4)(C5=CC=CS5)O)C,False,,,
Carboplatin,[O-]C(=O)C1(CCC1)C(=O)[O-],1,[426756],C1CC(C1)(C(=O)O)C(=O)O.[NH2-].[NH2-].[Pt+2],False,,,
Methdilazine,CN1CC[C@H](CN2c3ccccc3Sc4ccccc24)C1,1,[14677],CN1CCC(C1)CN2C3=CC=CC=C3SC4=CC=CC=C42,False,,,
Lindane,Cl[C@@H]1[C@@H](Cl)[C@@H](Cl)[C@H](Cl)[C@@H](Cl)[C@H]1Cl,1,[727],C1(C(C(C(C(C1Cl)Cl)Cl)Cl)Cl)Cl,False,,,
Metformin,CN(C)C(=N)NC(=N)N,1,[4091],CN(C)C(=N)N=C(N)N,False,,,
Sodium oxybate,OCCCC(=O)[O-],1,[23663870],C(CC(=O)[O-])CO.[Na+],False,,,
Chlorphenoxamine,CN(C)CCO[C@](C)(c1ccccc1)c2ccc(Cl)cc2,1,[6475],CC(C1=CC=CC=C1)(C2=CC=C(C=C2)Cl)OCCN(C)C,False,,,
Trimeprazine,C[C@H](CN(C)C)CN1c2ccccc2Sc3ccccc13,1,[5574],CC(CN1C2=CC=CC=C2SC3=CC=CC=C31)CN(C)C,False,,,
Pentobarbital,CCC[C@H](C)C1(CC)C(=O)NC(=O)NC1=O,1,[4737],CCCC(C)C1(C(=O)NC(=O)NC1=O)CC,False,,,
Ethosuximide,CC[C@@]1(C)CC(=O)NC1=O,1,[3291],CCC1(CC(=O)NC1=O)C,False,,,
Atropine,CN1[C@@H]2CC[C@H]1C[C@H](C2)OC(=O)[C@H](CO)c3ccccc3,1,[174174],CN1[C@@H]2CC[C@H]1CC(C2)OC(=O)C(CO)C3=CC=CC=C3,False,,,
Magnesium salicylate,Oc1ccccc1C(=O)[O-],1,"[54684589, 64738, 54708862, 3045402, 5282387, 24871323]",C1=CC=C(C(=C1)C(=O)O)[O-].C1=CC=C(C(=C1)C(=O)O)[O-].[Mg+2],False,,,
Propylene glycol,C[C@H](O)CO,1,[1030],CC(CO)O,False,,,
Butabarbital,CC[C@H](C)C1(CC)C(=O)NC(=O)NC1=O,1,[2479],CCC(C)C1(C(=O)NC(=O)NC1=O)CC,False,,,
Triethanolamine,CCCO,1,[7618],C(CO)N(CCO)CCO,False,,,
Ephedrine,CN[C@H](C)[C@H](O)c1ccccc1,1,[9294],C[C@@H]([C@@H](C1=CC=CC=C1)O)NC,False,,,
Sodium phenylacetate,[O-]C(=O)Cc1ccccc1,1,[23690424],C1=CC=C(C=C1)CC(=O)[O-].[Na+],False,,,
Ethopropazine,CCN(CC)[C@H](C)CN1c2ccccc2Sc3ccccc13,1,[3290],CCN(CC)C(C)CN1C2=CC=CC=C2SC3=CC=CC=C31,False,,,
Methsuximide,CN1C(=O)C[C@](C)(C1=O)c2ccccc2,1,[6476],CC1(CC(=O)N(C1=O)C)C2=CC=CC=C2,False,,,
Isoproterenol,CC(C)NC[C@H](O)c1ccc(O)c(O)c1,1,[3779],CC(C)NCC(C1=CC(=C(C=C1)O)O)O,False,,,
Benzonatate,CCCCNc1ccc(C=O)cc1,1,[7699],CCCCNC1=CC=C(C=C1)C(=O)OCCOCCOCCOCCOCCOCCOCCOCCOCCOC,False,,,
Bromodiphenhydramine,CN(C)CCO[C@H](c1ccccc1)c2ccc(Br)cc2,1,[2444],CN(C)CCOC(C1=CC=CC=C1)C2=CC=C(C=C2)Br,False,,,
Homatropine,CN1[C@@H]2CC[C@H]1C[C@H](C2)OC(=O)[C@H](O)c3ccccc3,1,"[5282593, 3623, 688024, 5702065, 73707487]",CN1[C@@H]2CC[C@H]1CC(C2)OC(=O)C(C3=CC=CC=C3)O,False,,,
Pemoline,NC1=NC(=O)[C@H](O1)c2ccccc2,1,[4723],C1=CC=C(C=C1)C2C(=O)N=C(O2)N,False,,,
Bethanechol,C[C@H](C[N+](C)(C)C)OC(=O)N,1,[2370],CC(C[N+](C)(C)C)OC(=O)N,False,,,
Aminoglutethimide,CC[C@]1(CCC(=O)NC1=O)c2ccc(N)cc2,1,[2145],CCC1(CCC(=O)NC1=O)C2=CC=C(C=C2)N,False,,,
Mephobarbital,CC[C@]1(C(=O)NC(=O)N(C)C1=O)c2ccccc2,1,[8271],CCC1(C(=O)NC(=O)N(C1=O)C)C2=CC=CC=C2,False,,,
Trichlormethiazide,NS(=O)(=O)c1cc2c(N[C@H](NS2(=O)=O)C(Cl)Cl)cc1Cl,1,[5560],C1=C2C(=CC(=C1Cl)S(=O)(=O)N)S(=O)(=O)NC(N2)C(Cl)Cl,False,,,
Ipratropium,CC(C)[N@@+]1(C)[C@@H]2CC[C@H]1C[C@H](C2)OC(=O)[C@H](CO)c3ccccc3,1,"[657309, 3746, 6604365, 25897919]",CC(C)[N+]1([C@@H]2CC[C@H]1CC(C2)OC(=O)C(CO)C3=CC=CC=C3)C,False,,,
Oxybutynin,CCN(CC)CC#CCOC(=O)[C@](O)(C1CCCCC1)c2ccccc2,1,[4634],CCN(CC)CC#CCOC(=O)C(C1CCCCC1)(C2=CC=CC=C2)O,False,,,
Secobarbital,CCC[C@H](C)C1(CC=C)C(=O)NC(=O)NC1=O,1,[5193],CCCC(C)C1(C(=O)NC(=O)NC1=O)CC=C,False,,,
Promethazine,C[C@H](CN1c2ccccc2Sc3ccccc13)N(C)C,1,[4927],CC(CN1C2=CC=CC=C2SC3=CC=CC=C31)N(C)C,False,,,
Carbachol,C[N+](C)(C)CCOC(=O)N,1,[5831],C[N+](C)(C)CCOC(=O)N.[Cl-],False,,,
Warfarin,CC(=O)C[C@H](C1=C(O)c2ccccc2OC1=O)c3ccccc3,1,[54678486],CC(=O)CC(C1=CC=CC=C1)C2=C(C3=CC=CC=C3OC2=O)O,False,,,
Methadone,CCC(=O)C(C[C@H](C)N(C)C)(c1ccccc1)c2ccccc2,1,[4095],CCC(=O)C(CC(C)N(C)C)(C1=CC=CC=C1)C2=CC=CC=C2,False,,,
Trospium,OC(C(=O)O[C@H]1C[C@H]2CC[C@@H](C1)[N+]23CCCC3)(c4ccccc4)c5ccccc5,1,[5284632],C1CC[N+]2(C1)[C@@H]3CC[C@H]2CC(C3)OC(=O)C(C4=CC=CC=C4)(C5=CC=CC=C5)O,False,,,
Cephalexin,O.CC1=C(N2[C@H](SC1)[C@H](NC(=O)[C@H](N)c3ccccc3)C2=O)C(O)=O,1,[27447],CC1=C(N2[C@@H]([C@@H](C2=O)NC(=O)[C@@H](C3=CC=CC=C3)N)SC1)C(=O)O,False,,,
Cidofovir,O.O.NC1=NC(=O)N(C[C@@H](CO)OC[P](O)(O)=O)C=C1,1,[60613],C1=CN(C(=O)N=C1N)C[C@@H](CO)OCP(=O)(O)O,False,,,
Vidarabine,Nc1ncnc2n(cnc12)C3OC(CO)C(O)C3O,1,[21704],C1=NC(=C2C(=N1)N(C=N2)[C@H]3[C@H]([C@@H]([C@H](O3)CO)O)O)N,False,,,
Methyldopa,COC(=O)[C@@H](N)Cc1ccc(O)c(O)c1,1,[38853],C[C@](CC1=CC(=C(C=C1)O)O)(C(=O)O)N,False,,,
Ganciclovir,NC1=NC(=O)c2ncn(COC(CO)CO)c2N1,1,[135398740],C1=NC2=C(N1COC(CO)CO)N=C(NC2=O)N,False,,,
Goserelin,CC(C)CC(NC(=O)C(COC(C)(C)C)NC(=O)C(Cc1ccc(O)cc1)NC(=O)C(CO)NC(=O)C(Cc2c[nH]c3ccccc23)NC(=O)C(Cc4[nH]cnc4)NC(=O)C5CCC(=O)N5)C(=O)NC(CCCN=C(N)N)C(=O)N6CCCC6C(=O)NNC(N)=O,1,[5311128],CC(C)C[C@@H](C(=O)N[C@@H](CCCN=C(N)N)C(=O)N1CCC[C@H]1C(=O)NNC(=O)N)NC(=O)[C@@H](COC(C)(C)C)NC(=O)[C@H](CC2=CC=C(C=C2)O)NC(=O)[C@H](CO)NC(=O)[C@H](CC3=CNC4=CC=CC=C43)NC(=O)[C@H](CC5=CN=CN5)NC(=O)[C@@H]6CCC(=O)N6,False,,,
Meloxicam,CN1C(=C(/O)Nc2sc(C)cn2)/C(=O)c3ccccc3[S]1(=O)=O,1,[54677470],CC1=CN=C(S1)NC(=O)C2=C(C3=CC=CC=C3S(=O)(=O)N2C)O,False,,,
Ticlopidine,[H+].[Cl-].Clc1ccccc1CN2CCc3sccc3C2,1,[5472],C1CN(CC2=C1SC=C2)CC3=CC=CC=C3Cl,False,,,
Azithromycin,CC[C@H]1OC(=O)[C@H](C)[C@@H](O[C@H]2C[C@@](C)(OC)[C@@H](O)[C@H](C)O2)C(C)[C@@H](O[C@@H]3O[C@H](C)C[C@@H]([C@H]3O)N(C)C)[C@](C)(O)C[C@@H](C)CN(C)[C@H](C)[C@@H](O)[C@]1(C)O,1,[447043],CC[C@@H]1[C@@]([C@@H]([C@H](N(C[C@@H](C[C@@]([C@@H]([C@H]([C@@H]([C@H](C(=O)O1)C)O[C@H]2C[C@@]([C@H]([C@@H](O2)C)O)(C)OC)C)O[C@H]3[C@@H]([C@H](C[C@H](O3)C)N(C)C)O)(C)O)C)C)C)O)(C)O,False,,,
Palonosetron,O=C1N(C[C@@H]2CCCc3cccc1c23)[C@@H]4CN5CCC4CC5,1,[6337614],C1C[C@@H]2CN(C(=O)C3=CC=CC(=C23)C1)[C@@H]4CN5CCC4CC5,False,,,
Duloxetine,CNCCC(Oc1cccc2ccccc12)c3sccc3,1,[60835],CNCC[C@@H](C1=CC=CS1)OC2=CC=CC3=CC=CC=C32,False,,,
Tiludronate,[Na+].[Na+].O[P]([O-])(=O)C(Sc1ccc(Cl)cc1)[P](O)([O-])=O,1,[60937],C1=CC(=CC=C1SC(P(=O)(O)O)P(=O)(O)O)Cl,False,,,
Lubiprostone,CCCCC(F)(F)[C@@]1(O)CC[C@H]2[C@@H](CC(=O)[C@H]2CCCCCCC(O)=O)O1,1,[157920],CCCCC([C@]1(CC[C@H]2[C@H](O1)CC(=O)[C@@H]2CCCCCCC(=O)O)O)(F)F,False,,,
Nafarelin,CC(C)CC(NC(=O)C(Cc1ccc2ccccc2c1)NC(=O)C(Cc3ccc(O)cc3)NC(=O)C(CO)NC(=O)C(Cc4c[nH]c5ccccc45)NC(=O)C(Cc6c[nH]cn6)NC(=O)C7CCC(=O)N7)C(=O)NC(CCCNC(N)=N)C(=O)N8CCCC8C(=O)NCC(N)=O,1,[25077405],CC(C)C[C@@H](C(=O)N[C@@H](CCCN=C(N)N)C(=O)N1CCC[C@H]1C(=O)NCC(=O)N)NC(=O)[C@@H](CC2=CC3=CC=CC=C3C=C2)NC(=O)[C@H](CC4=CC=C(C=C4)O)NC(=O)[C@H](CO)NC(=O)[C@H](CC5=CNC6=CC=CC=C65)NC(=O)[C@H](CC7=CN=CN7)NC(=O)[C@@H]8CCC(=O)N8,False,,,
Quinine,COc1ccc2nccc([C@@H](O)[C@@H]3C[C@H]4CCN3C[C@@H]4C=C)c2c1,1,[3034034],COC1=CC2=C(C=CN=C2C=C1)[C@H]([C@@H]3C[C@@H]4CCN3C[C@@H]4C=C)O,False,,,
Dolasetron,O=C1CN2C3CC(CC2CC1C3)OC(=O)c4c[nH]c5ccccc45,1,[3033818],C1[C@@H]2CC(C[C@H]3N2CC(=O)C1C3)OC(=O)C4=CNC5=CC=CC=C54,False,,,
Vinorelbine,CCC1=CC2CN(C1)Cc3c([nH]c4ccccc34)[C@@](C2)(C(=O)OC)c5cc6c(cc5OC)N(C)[C@H]7[C@](O)([C@H](OC(C)=O)[C@]8(CC)C=CCN9CC[C@]67[C@H]89)C(=O)OC.O[C@H]([C@@H](O)C(O)=O)C(O)=O.O[C@H]([C@@H](O)C(O)=O)C(O)=O,1,"[5311497, 60780, 13200033, 5672, 44424639, 71296871, 73265388]",CCC1=C[C@H]2C[C@@](C3=C(CN(C2)C1)C4=CC=CC=C4N3)(C5=C(C=C6C(=C5)[C@]78CCN9[C@H]7[C@@](C=CC9)([C@H]([C@@]([C@@H]8N6C)(C(=O)OC)O)OC(=O)C)CC)OC)C(=O)OC,False,,,
Chlortetracycline,CC1(C2CC3C(C(=O)C(=C(C3(C(=O)C2=C(C4=C(C=CC(=C41)Cl)O)O)O)O)C(=O)N)N(C)C)O,1,[54675777],C[C@@]1([C@H]2C[C@H]3[C@@H](C(=O)C(=C([C@]3(C(=O)C2=C(C4=C(C=CC(=C41)Cl)O)O)O)O)C(=O)N)N(C)C)O,False,,,
Vincamine,CCC12CCCN3C1C4=C(CC3)C5=CC=CC=C5N4C(C2)(C(=O)OC)O,1,[15376],CC[C@@]12CCCN3[C@@H]1C4=C(CC3)C5=CC=CC=C5N4[C@](C2)(C(=O)OC)O,False,,,
Taxifolin,C1=CC(=C(C=C1C2C(C(=O)C3=C(C=C(C=C3O2)O)O)O)O)O,1,[439533],C1=CC(=C(C=C1[C@@H]2[C@H](C(=O)C3=C(C=C(C=C3O2)O)O)O)O)O,False,,,
Homobutein,COC1=C(C=CC(=C1)C=CC(=O)C2=C(C=C(C=C2)O)O)O,1,[6438092],COC1=C(C=CC(=C1)/C=C/C(=O)C2=C(C=C(C=C2)O)O)O,False,,,
Sclerotiorin,CCC(C)C=C(C)C=CC1=CC2=C(C(=O)C(C(=O)C2=CO1)(C)OC(=O)C)Cl,1,[6436015],CC[C@H](C)/C=C(\C)/C=C/C1=CC2=C(C(=O)[C@](C(=O)C2=CO1)(C)OC(=O)C)Cl,False,,,
amikacin,C1C(C(C(C(C1NC(=O)C(CCN)O)OC2C(C(C(C(O2)CO)O)N)O)O)OC3C(C(C(C(O3)CN)O)O)O)N,1,[37768],C1[C@@H]([C@H]([C@@H]([C@H]([C@@H]1NC(=O)[C@H](CCN)O)O[C@@H]2[C@@H]([C@H]([C@@H]([C@H](O2)CO)O)N)O)O)O[C@@H]3[C@@H]([C@H]([C@@H]([C@H](O3)CN)O)O)O)N,False,,,
benzylpenicillin,CC1(C(N2C(S1)C(C2=O)NC(=O)CC3=CC=CC=C3)C(=O)O)C,1,[5904],CC1([C@@H](N2[C@H](S1)[C@@H](C2=O)NC(=O)CC3=CC=CC=C3)C(=O)O)C,False,,,
Staurosporine,CC12C(C(CC(O1)N3C4=CC=CC=C4C5=C6C(=C7C8=CC=CC=C8N2C7=C53)CNC6=O)NC)OC,1,"[44259, 7048594]",C[C@@]12[C@@H]([C@@H](C[C@@H](O1)N3C4=CC=CC=C4C5=C6C(=C7C8=CC=CC=C8N2C7=C53)CNC6=O)NC)OC,False,,,
Poly-L-lysine,C(CCN)CC(C(=O)O)N,1,[168008599],,False,,,
Cyclosporine,CCC1C(=O)N(CC(=O)N(C(C(=O)NC(C(=O)N(C(C(=O)NC(C(=O)NC(C(=O)N(C(C(=O)N(C(C(=O)N(C(C(=O)N(C(C(=O)N1)C(C(C)CC=CC)O)C)C(C)C)C)CC(C)C)C)CC(C)C)C)C)C)CC(C)C)C)C(C)C)CC(C)C)C)C,1,"[5284373, 6435893, 5280754, 24883466, 5497195, 25246316, 123134263]",CC[C@H]1C(=O)N(CC(=O)N([C@H](C(=O)N[C@H](C(=O)N([C@H](C(=O)N[C@H](C(=O)N[C@@H](C(=O)N([C@H](C(=O)N([C@H](C(=O)N([C@H](C(=O)N([C@H](C(=O)N1)[C@@H]([C@H](C)C/C=C/C)O)C)C(C)C)C)CC(C)C)C)CC(C)C)C)C)C)CC(C)C)C)C(C)C)CC(C)C)C)C,False,,,
Heroin,CC(=O)OC1C=CC2C3CC4=C5C2(C1OC5=C(C=C4)OC(=O)C)CCN3C,1,[5462328],CC(=O)O[C@H]1C=C[C@H]2[C@H]3CC4=C5[C@]2([C@H]1OC5=C(C=C4)OC(=O)C)CCN3C,False,,,
Remdesivir,CCC(CC)COC(=O)C(C)NP(=O)(OCC1C(C(C(O1)(C#N)C2=CC=C3N2N=CN=C3N)O)O)OC4=CC=CC=C4,1,[121304016],CCC(CC)COC(=O)[C@H](C)N[P@](=O)(OC[C@@H]1[C@H]([C@H]([C@](O1)(C#N)C2=CC=C3N2N=CN=C3N)O)O)OC4=CC=CC=C4,False,,,
2-Hyroxypropyl-beta-cyclodextrin,C(C1C2C(C(C(O1)OC3C(OC(C(C3O)O)OC4C(OC(C(C4O)O)OC5C(OC(C(C5O)O)OC6C(OC(C(C6O)O)OC7C(OC(O2)C(C7O)O)CO)CO)CO)CO)CO)O)O)O,1,"[138319308, 146156863, 4363642, 14049689, 56972821]",,False,,,
chlorhexidine,NC(Nc1ccc(Cl)cc1)=NC(N)=NCCCCCCN=C(N)N=C(N)Nc2ccc(Cl)cc2,1,[9552079],C1=CC(=CC=C1N/C(=N/C(=NCCCCCCN=C(/N=C(/NC2=CC=C(C=C2)Cl)\N)N)N)/N)Cl,False,,,
